[{"_id": "AF", "name": "Afghanistan", "uri": "afghanistan"}, {"_id": "AL", "name": "Albania", "uri": "albania"}, {"_id": "DZ", "name": "Algeria", "uri": "algeria"}, {"_id": "AS", "name": "American Samoa", "uri": "american-samoa"}, {"_id": "AD", "name": "Andorra", "uri": "andorra"}, {"_id": "AO", "name": "Angola", "uri": "angola"}, {"_id": "AI", "name": "Anguilla", "uri": "anguilla"}, {"_id": "AQ", "name": "Antarctica", "uri": "antarctica"}, {"_id": "AG", "name": "Antigua and Barbuda", "uri": "antigua-and-barbuda"}, {"_id": "AR", "name": "Argentina", "uri": "argentina"}, {"_id": "AM", "name": "Armenia", "uri": "armenia"}, {"_id": "AW", "name": "Aruba", "uri": "aruba"}, {"_id": "AU", "name": "Australia", "uri": "australia"}, {"_id": "AT", "name": "Austria", "uri": "austria"}, {"_id": "AZ", "name": "Azerbaijan", "uri": "azerbaijan"}, {"_id": "BS", "name": "Bahamas", "uri": "bahamas-the"}, {"_id": "BH", "name": "Bahrain", "uri": "bahrain"}, {"_id": "BD", "name": "Bangladesh", "uri": "bangladesh"}, {"_id": "BB", "name": "Barbados", "uri": "barbados"}, {"_id": "BY", "name": "Belarus", "uri": "belarus"}, {"_id": "BE", "name": "Belgium", "uri": "belgium"}, {"_id": "BZ", "name": "Belize", "uri": "belize"}, {"_id": "BJ", "name": "Benin", "uri": "benin"}, {"_id": "BM", "name": "Bermuda", "uri": "bermuda"}, {"_id": "BT", "name": "Bhutan", "uri": "bhutan"}, {"_id": "VE", "name": "Bolivarian Republic of Venezuela", "uri": "bolivarian-republic-of-venezuela"}, {"_id": "BO", "name": "Bolivia", "uri": "bolivia"}, {"_id": "BA", "name": "Bosnia and Herzegovina", "uri": "bosnia-and-herzegovina"}, {"_id": "BW", "name": "Botswana", "uri": "botswana"}, {"_id": "BV", "name": "Bouvet Island", "uri": "bouvet-island"}, {"_id": "BR", "name": "Brazil", "uri": "brazil"}, {"_id": "IO", "name": "British Indian Ocean Territory", "uri": "british-indian-ocean-territory"}, {"_id": "VG", "name": "British Virgin Islands", "uri": "virgin-islands-british"}, {"_id": "BN", "name": "Brunei Darussalam", "uri": "brunei-darussalam"}, {"_id": "BG", "name": "Bulgaria", "uri": "bulgaria"}, {"_id": "BF", "name": "Burkina Faso", "uri": "burkina-faso"}, {"_id": "BI", "name": "Burundi", "uri": "burundi"}, {"_id": "KH", "name": "Cambodia", "uri": "cambodia"}, {"_id": "CM", "name": "Cameroon", "uri": "cameroon"}, {"_id": "CA", "name": "Canada", "uri": "canada"}, {"_id": "CV", "name": "Cape Verde", "uri": "cape-verde"}, {"_id": "KY", "name": "Cayman Islands", "uri": "cayman-islands"}, {"_id": "CF", "name": "Central African Republic", "uri": "central-african-republic"}, {"_id": "TD", "name": "Chad", "uri": "chad"}, {"_id": "CL", "name": "Chile", "uri": "chile"}, {"_id": "CN", "name": "China", "uri": "china"}, {"_id": "CX", "name": "Christmas Island", "uri": "christmas-island"}, {"_id": "CC", "name": "Cocos (Keeling) Islands", "uri": "cocos-keeling-islands"}, {"_id": "CO", "name": "Colombia", "uri": "colombia"}, {"_id": "KM", "name": "Comoros", "uri": "comoros"}, {"_id": "CG", "name": "Congo", "uri": "congo"}, {"_id": "CK", "name": "Cook Islands", "uri": "cook-islands"}, {"_id": "CR", "name": "Costa Rica", "uri": "costa-rica"}, {"_id": "HR", "name": "Croatia", "uri": "croatia"}, {"_id": "CU", "name": "Cuba", "uri": "cuba"}, {"_id": "CY", "name": "Cyprus", "uri": "cyprus"}, {"_id": "CZ", "name": "Czechia", "uri": "czechia"}, {"_id": "XC", "name": "Czechoslovakia", "uri": "czechoslovakia"}, {"_id": "CD", "name": "Democratic Republic of Congo", "uri": "democratic-republic-of-congo"}, {"_id": "DK", "name": "Denmark", "uri": "denmark"}, {"_id": "DJ", "name": "Djibouti", "uri": "djibouti"}, {"_id": "DM", "name": "Dominica", "uri": "dominica"}, {"_id": "DO", "name": "Dominican Republic", "uri": "dominican-republic"}, {"_id": "XG", "name": "East Germany", "uri": "east-germany"}, {"_id": "EC", "name": "Ecuador", "uri": "ecuador"}, {"_id": "EG", "name": "Egypt", "uri": "egypt"}, {"_id": "SV", "name": "El Salvador", "uri": "el-salvador"}, {"_id": "GQ", "name": "Equatorial Guinea", "uri": "equatorial-guinea"}, {"_id": "ER", "name": "Eritrea", "uri": "eritrea"}, {"_id": "EE", "name": "Estonia", "uri": "estonia"}, {"_id": "ET", "name": "Ethiopia", "uri": "ethiopia"}, {"_id": "FK", "name": "Falkland Islands", "uri": "falkland-islands"}, {"_id": "FO", "name": "Faroe Islands", "uri": "faroe-islands"}, {"_id": "FM", "name": "Federated States of Micronesia", "uri": "federated-states-of-micronesia"}, {"_id": "FJ", "name": "Fiji", "uri": "fiji"}, {"_id": "FI", "name": "Finland", "uri": "finland"}, {"_id": "FR", "name": "France", "uri": "france"}, {"_id": "GF", "name": "French Guiana", "uri": "french-guiana"}, {"_id": "PF", "name": "French Polynesia", "uri": "french-polynesia"}, {"_id": "TF", "name": "French Southern Territories", "uri": "french-southern-territories"}, {"_id": "GA", "name": "Gabon", "uri": "gabon"}, {"_id": "GM", "name": "Gambia", "uri": "gambia"}, {"_id": "GE", "name": "Georgia", "uri": "georgia"}, {"_id": "DE", "name": "Germany", "uri": "germany"}, {"_id": "GH", "name": "Ghana", "uri": "ghana"}, {"_id": "GI", "name": "Gibraltar", "uri": "gibraltar"}, {"_id": "GR", "name": "Greece", "uri": "greece"}, {"_id": "GL", "name": "Greenland", "uri": "greenland"}, {"_id": "GD", "name": "Grenada", "uri": "grenada"}, {"_id": "GP", "name": "Guadeloupe", "uri": "guadeloupe"}, {"_id": "GU", "name": "Guam", "uri": "guam"}, {"_id": "GT", "name": "Guatemala", "uri": "guatemala"}, {"_id": "GN", "name": "Guinea", "uri": "guinea"}, {"_id": "GW", "name": "Guinea-Bissau", "uri": "guinea-bissau"}, {"_id": "GY", "name": "Guyana", "uri": "guyana"}, {"_id": "HT", "name": "Haiti", "uri": "haiti"}, {"_id": "HM", "name": "Heard Island and McDonald Islands", "uri": "heard-island-and-mcdonald-islands"}, {"_id": "VA", "name": "Holy See", "uri": "holy-see"}, {"_id": "HN", "name": "Honduras", "uri": "honduras"}, {"_id": "HK", "name": "Hong Kong", "uri": "hong-kong"}, {"_id": "HU", "name": "Hungary", "uri": "hungary"}, {"_id": "IS", "name": "Iceland", "uri": "iceland"}, {"_id": "IN", "name": "India", "uri": "india"}, {"_id": "ID", "name": "Indonesia", "uri": "indonesia"}, {"_id": "IR", "name": "Iran", "uri": "iran"}, {"_id": "IQ", "name": "Iraq", "uri": "iraq"}, {"_id": "IE", "name": "Ireland", "uri": "ireland"}, {"_id": "IL", "name": "Israel", "uri": "israel"}, {"_id": "IT", "name": "Italy", "uri": "italy"}, {"_id": "CI", "name": "Ivory Coast", "uri": "ivory-coast"}, {"_id": "JM", "name": "Jamaica", "uri": "jamaica"}, {"_id": "JP", "name": "Japan", "uri": "japan"}, {"_id": "JO", "name": "Jordan", "uri": "jordan"}, {"_id": "KZ", "name": "Kazakhstan", "uri": "kazakhstan"}, {"_id": "KE", "name": "Kenya", "uri": "kenya"}, {"_id": "KI", "name": "Kiribati", "uri": "kiribati"}, {"_id": "XK", "name": "Kosovo", "uri": "kosovo"}, {"_id": "KW", "name": "Kuwait", "uri": "kuwait"}, {"_id": "KG", "name": "Kyrgyzstan", "uri": "kyrgyzstan"}, {"_id": "LA", "name": "Lao People's Democratic Republic", "uri": "lao-peoples-democratic-republic"}, {"_id": "LV", "name": "Latvia", "uri": "latvia"}, {"_id": "LB", "name": "Lebanon", "uri": "lebanon"}, {"_id": "LS", "name": "Lesotho", "uri": "lesotho"}, {"_id": "LR", "name": "Liberia", "uri": "liberia"}, {"_id": "LY", "name": "Libya", "uri": "libya"}, {"_id": "LI", "name": "Liechtenstein", "uri": "liechtenstein"}, {"_id": "LT", "name": "Lithuania", "uri": "lithuania"}, {"_id": "LU", "name": "Luxembourg", "uri": "luxembourg"}, {"_id": "MO", "name": "Macao", "uri": "macao"}, {"_id": "MK", "name": "Macedonia", "uri": "macedonia"}, {"_id": "MG", "name": "Madagascar", "uri": "madagascar"}, {"_id": "MW", "name": "Malawi", "uri": "malawi"}, {"_id": "MY", "name": "Malaysia", "uri": "malaysia"}, {"_id": "MV", "name": "Maldives", "uri": "maldives"}, {"_id": "ML", "name": "Mali", "uri": "mali"}, {"_id": "MT", "name": "Malta", "uri": "malta"}, {"_id": "MH", "name": "Marshall Islands", "uri": "marshall-islands"}, {"_id": "MQ", "name": "Martinique", "uri": "martinique"}, {"_id": "MR", "name": "Mauritania", "uri": "mauritania"}, {"_id": "MU", "name": "Mauritius", "uri": "mauritius"}, {"_id": "YT", "name": "Mayotte", "uri": "mayotte"}, {"_id": "MX", "name": "Mexico", "uri": "mexico"}, {"_id": "MC", "name": "Monaco", "uri": "monaco"}, {"_id": "MN", "name": "Mongolia", "uri": "mongolia"}, {"_id": "ME", "name": "Montenegro", "uri": "montenegro"}, {"_id": "MS", "name": "Montserrat", "uri": "montserrat"}, {"_id": "MA", "name": "Morocco", "uri": "morocco"}, {"_id": "MZ", "name": "Mozambique", "uri": "mozambique"}, {"_id": "MM", "name": "Myanmar", "uri": "myanmar"}, {"_id": "NA", "name": "Namibia", "uri": "namibia"}, {"_id": "NR", "name": "Nauru", "uri": "nauru"}, {"_id": "NP", "name": "Nepal", "uri": "nepal"}, {"_id": "NL", "name": "Netherlands", "uri": "netherlands"}, {"_id": "AN", "name": "Netherlands Antilles", "uri": "netherlands-antilles"}, {"_id": "NC", "name": "New Caledonia", "uri": "new-caledonia"}, {"_id": "NZ", "name": "New Zealand", "uri": "new-zealand"}, {"_id": "NI", "name": "Nicaragua", "uri": "nicaragua"}, {"_id": "NE", "name": "Niger", "uri": "niger"}, {"_id": "NG", "name": "Nigeria", "uri": "nigeria"}, {"_id": "NU", "name": "Niue", "uri": "niue"}, {"_id": "NF", "name": "Norfolk Island", "uri": "norfolk-island"}, {"_id": "MP", "name": "Northern Mariana Islands", "uri": "northern-mariana-islands"}, {"_id": "KP", "name": "North Korea", "uri": "north-korea"}, {"_id": "NO", "name": "Norway", "uri": "norway"}, {"_id": "OM", "name": "Oman", "uri": "oman"}, {"_id": "PK", "name": "Pakistan", "uri": "pakistan"}, {"_id": "PW", "name": "Palau", "uri": "palau"}, {"_id": "PA", "name": "Panama", "uri": "panama"}, {"_id": "PG", "name": "Papua New Guinea", "uri": "papua-new-guinea"}, {"_id": "PY", "name": "Paraguay", "uri": "paraguay"}, {"_id": "PE", "name": "Peru", "uri": "peru"}, {"_id": "PH", "name": "Philippines", "uri": "philippines"}, {"_id": "PN", "name": "Pitcairn", "uri": "pitcairn"}, {"_id": "PL", "name": "Poland", "uri": "poland"}, {"_id": "PT", "name": "Portugal", "uri": "portugal"}, {"_id": "PR", "name": "Puerto Rico", "uri": "puerto-rico"}, {"_id": "QA", "name": "Qatar", "uri": "qatar"}, {"_id": "MD", "name": "Republic of Moldova", "uri": "moldova-the-republic-of"}, {"_id": "RE", "name": "R\u00e9union", "uri": "reunion"}, {"_id": "RO", "name": "Romania", "uri": "romania"}, {"_id": "RU", "name": "Russian Federation", "uri": "russian-federation"}, {"_id": "RW", "name": "Rwanda", "uri": "rwanda"}, {"_id": "SH", "name": "Saint Helena, Ascension and Tristan da Cunha", "uri": "saint-helena-ascension-and-tristan-da-cunha"}, {"_id": "KN", "name": "Saint Kitts and Nevis", "uri": "saint-kitts-and-nevis"}, {"_id": "LC", "name": "Saint Lucia", "uri": "saint-lucia"}, {"_id": "PM", "name": "Saint Pierre and Miquelon", "uri": "saint-pierre-and-miquelon"}, {"_id": "VC", "name": "Saint Vincent and the Grenadines", "uri": "saint-vincent-and-the-grenadines"}, {"_id": "WS", "name": "Samoa", "uri": "samoa"}, {"_id": "SM", "name": "San Marino", "uri": "san-marino"}, {"_id": "ST", "name": "Sao Tome and Principe", "uri": "sao-tome-and-principe"}, {"_id": "SA", "name": "Saudi Arabia", "uri": "saudi-arabia"}, {"_id": "SN", "name": "Senegal", "uri": "senegal"}, {"_id": "RS", "name": "Serbia", "uri": "serbia"}, {"_id": "CS", "name": "Serbia and Montenegro", "uri": "serbia-and-montenegro"}, {"_id": "SC", "name": "Seychelles", "uri": "seychelles"}, {"_id": "SL", "name": "Sierra Leone", "uri": "sierra-leone"}, {"_id": "SG", "name": "Singapore", "uri": "singapore"}, {"_id": "SK", "name": "Slovakia", "uri": "slovakia"}, {"_id": "SI", "name": "Slovenia", "uri": "slovenia"}, {"_id": "SB", "name": "Solomon Islands", "uri": "solomon-islands"}, {"_id": "SO", "name": "Somalia", "uri": "somalia"}, {"_id": "ZA", "name": "South Africa", "uri": "south-africa"}, {"_id": "GS", "name": "South Georgia and the South Sandwich Islands", "uri": "south-georgia-and-the-south-sandwich-islands"}, {"_id": "KR", "name": "South Korea", "uri": "south-korea"}, {"_id": "SS", "name": "South Sudan", "uri": "south-sudan"}, {"_id": "ES", "name": "Spain", "uri": "spain"}, {"_id": "LK", "name": "Sri Lanka", "uri": "sri-lanka"}, {"_id": "PS", "name": "State of Palestine", "uri": "state-of-palestine"}, {"_id": "SD", "name": "Sudan", "uri": "sudan"}, {"_id": "SR", "name": "Suriname", "uri": "suriname"}, {"_id": "SJ", "name": "Svalbard and Jan Mayen", "uri": "svalbard-and-jan-mayen"}, {"_id": "SZ", "name": "Swaziland", "uri": "swaziland"}, {"_id": "SE", "name": "Sweden", "uri": "sweden"}, {"_id": "CH", "name": "Switzerland", "uri": "switzerland"}, {"_id": "SY", "name": "Syrian Arab Republic", "uri": "syrian-arab-republic"}, {"_id": "TW", "name": "Taiwan", "uri": "taiwan"}, {"_id": "TJ", "name": "Tajikistan", "uri": "tajikistan"}, {"_id": "TH", "name": "Thailand", "uri": "thailand"}, {"_id": "TL", "name": "Timor-Leste", "uri": "timor-leste"}, {"_id": "TG", "name": "Togo", "uri": "togo"}, {"_id": "TK", "name": "Tokelau", "uri": "tokelau"}, {"_id": "TO", "name": "Tonga", "uri": "tonga"}, {"_id": "TT", "name": "Trinidad and Tobago", "uri": "trinidad-and-tobago"}, {"_id": "TN", "name": "Tunisia", "uri": "tunisia"}, {"_id": "TR", "name": "Turkey", "uri": "turkey"}, {"_id": "TM", "name": "Turkmenistan", "uri": "turkmenistan"}, {"_id": "TC", "name": "Turks and Caicos Islands", "uri": "turks-and-caicos-islands"}, {"_id": "TV", "name": "Tuvalu", "uri": "tuvalu"}, {"_id": "UG", "name": "Uganda", "uri": "uganda"}, {"_id": "GB", "name": "UK", "uri": "uk"}, {"_id": "UA", "name": "Ukraine", "uri": "ukraine"}, {"_id": "AE", "name": "United Arab Emirates", "uri": "united-arab-emirates"}, {"_id": "TZ", "name": "United Republic of Tanzania", "uri": "united-republic-of-tanzania"}, {"_id": "UM", "name": "United States Minor Outlying Islands", "uri": "united-states-minor-outlying-islands"}, {"_id": "UY", "name": "Uruguay", "uri": "uruguay"}, {"_id": "US", "name": "USA", "uri": "usa"}, {"_id": "SU", "name": "USSR", "uri": "ussr"}, {"_id": "VI", "name": "US Virgin Islands", "uri": "us-virgin-islands"}, {"_id": "UZ", "name": "Uzbekistan", "uri": "uzbekistan"}, {"_id": "VU", "name": "Vanuatu", "uri": "vanuatu"}, {"_id": "VN", "name": "Vietnam", "uri": "vietnam"}, {"_id": "WF", "name": "Wallis and Futuna", "uri": "wallis-and-futuna"}, {"_id": "EH", "name": "Western Sahara", "uri": "western-sahara"}, {"_id": "YE", "name": "Yemen", "uri": "yemen"}, {"_id": "YU", "name": "Yugoslavia", "uri": "yugoslavia"}, {"_id": "ZM", "name": "Zambia", "uri": "zambia"}, {"_id": "ZW", "name": "Zimbabwe", "uri": "zimbabwe"}, {"_id": "BL", "name": "Saint Barth\u00e9lemy", "uri": "saint-barthelemy"}, {"_id": "BQ", "name": "Bonaire, Sint Eustatius and Saba", "uri": "bonaire-sint-eustatius-and-saba"}, {"_id": "CW", "name": "Cura\u00e7ao", "uri": "curacao"}, {"_id": "GG", "name": "Guernsey", "uri": "guernsey"}, {"_id": "AX", "name": "\u00c5land Islands", "uri": "aland-islands"}, {"_id": "IM", "name": "Isle of Man", "uri": "isle-of-man"}, {"_id": "JE", "name": "Jersey", "uri": "jersey"}, {"_id": "MF", "name": "Saint Martin (French part)", "uri": "saint-martin-french-part"}, {"_id": "SX", "name": "Sint Maarten (Dutch part)", "uri": "sint-maarten-dutch-part"}]