[{"_id": "AF", "name": "Afghanistan", "uri": "afghanistan", "index": 90}, {"_id": "AL", "name": "Albania", "uri": "albania", "index": 84}, {"_id": "DZ", "name": "Algeria", "uri": "algeria", "index": 73}, {"_id": "AS", "name": "American Samoa", "uri": "american-samoa", "index": 205}, {"_id": "AD", "name": "Andorra", "uri": "andorra", "index": 174}, {"_id": "AO", "name": "Angola", "uri": "angola", "index": 115}, {"_id": "AI", "name": "Anguilla", "uri": "anguilla", "index": 181}, {"_id": "AQ", "name": "Antarctica", "uri": "antarctica", "index": 154}, {"_id": "AG", "name": "Antigua and Barbuda", "uri": "antigua-and-barbuda", "index": 182}, {"_id": "AR", "name": "Argentina", "uri": "argentina", "index": 18}, {"_id": "AM", "name": "Armenia", "uri": "armenia", "index": 123}, {"_id": "AW", "name": "Aruba", "uri": "aruba", "index": 134}, {"_id": "AU", "name": "Australia", "uri": "australia", "index": 15}, {"_id": "AT", "name": "Austria", "uri": "austria", "index": 29}, {"_id": "AZ", "name": "Azerbaijan", "uri": "azerbaijan", "index": 128}, {"_id": "BS", "name": "Bahamas", "uri": "bahamas-the", "index": 130}, {"_id": "BH", "name": "Bahrain", "uri": "bahrain", "index": 172}, {"_id": "BD", "name": "Bangladesh", "uri": "bangladesh", "index": 55}, {"_id": "BB", "name": "Barbados", "uri": "barbados", "index": 194}, {"_id": "BY", "name": "Belarus", "uri": "belarus", "index": 96}, {"_id": "BE", "name": "Belgium", "uri": "belgium", "index": 12}, {"_id": "BZ", "name": "Belize", "uri": "belize", "index": 214}, {"_id": "BJ", "name": "Benin", "uri": "benin", "index": 152}, {"_id": "BM", "name": "Bermuda", "uri": "bermuda", "index": 252}, {"_id": "BT", "name": "Bhutan", "uri": "bhutan", "index": 131}, {"_id": "VE", "name": "Bolivarian Republic of Venezuela", "uri": "bolivarian-republic-of-venezuela", "index": 76}, {"_id": "BO", "name": "Bolivia", "uri": "bolivia", "index": 93}, {"_id": "BA", "name": "Bosnia and Herzegovina", "uri": "bosnia-and-herzegovina", "index": 74}, {"_id": "BW", "name": "Botswana", "uri": "botswana", "index": 146}, {"_id": "BV", "name": "Bouvet Island", "uri": "bouvet-island", "index": 224}, {"_id": "BR", "name": "Brazil", "uri": "brazil", "index": 8}, {"_id": "IO", "name": "British Indian Ocean Territory", "uri": "british-indian-ocean-territory", "index": 245}, {"_id": "VG", "name": "British Virgin Islands", "uri": "virgin-islands-british", "index": 179}, {"_id": "BN", "name": "Brunei Darussalam", "uri": "brunei-darussalam", "index": 185}, {"_id": "BG", "name": "Bulgaria", "uri": "bulgaria", "index": 52}, {"_id": "BF", "name": "Burkina Faso", "uri": "burkina-faso", "index": 104}, {"_id": "BI", "name": "Burundi", "uri": "burundi", "index": 210}, {"_id": "KH", "name": "Cambodia", "uri": "cambodia", "index": 81}, {"_id": "CM", "name": "Cameroon", "uri": "cameroon", "index": 120}, {"_id": "CA", "name": "Canada", "uri": "canada", "index": 7}, {"_id": "CV", "name": "Cape Verde", "uri": "cape-verde", "index": 151}, {"_id": "KY", "name": "Cayman Islands", "uri": "cayman-islands", "index": 203}, {"_id": "CF", "name": "Central African Republic", "uri": "central-african-republic", "index": 165}, {"_id": "TD", "name": "Chad", "uri": "chad", "index": 121}, {"_id": "CL", "name": "Chile", "uri": "chile", "index": 35}, {"_id": "CN", "name": "China", "uri": "china", "index": 14}, {"_id": "CX", "name": "Christmas Island", "uri": "christmas-island", "index": 207}, {"_id": "CC", "name": "Cocos (Keeling) Islands", "uri": "cocos-keeling-islands", "index": 197}, {"_id": "CO", "name": "Colombia", "uri": "colombia", "index": 49}, {"_id": "KM", "name": "Comoros", "uri": "comoros", "index": 246}, {"_id": "CG", "name": "Congo", "uri": "congo", "index": 153}, {"_id": "CK", "name": "Cook Islands", "uri": "cook-islands", "index": 231}, {"_id": "CR", "name": "Costa Rica", "uri": "costa-rica", "index": 92}, {"_id": "HR", "name": "Croatia", "uri": "croatia", "index": 57}, {"_id": "CU", "name": "Cuba", "uri": "cuba", "index": 61}, {"_id": "CY", "name": "Cyprus", "uri": "cyprus", "index": 110}, {"_id": "CZ", "name": "Czechia", "uri": "czechia", "index": 42}, {"_id": "XC", "name": "Czechoslovakia", "uri": "czechoslovakia", "index": 39}, {"_id": "CD", "name": "Democratic Republic of Congo", "uri": "democratic-republic-of-congo", "index": 103}, {"_id": "DK", "name": "Denmark", "uri": "denmark", "index": 21}, {"_id": "DJ", "name": "Djibouti", "uri": "djibouti", "index": 143}, {"_id": "DM", "name": "Dominica", "uri": "dominica", "index": 193}, {"_id": "DO", "name": "Dominican Republic", "uri": "dominican-republic", "index": 71}, {"_id": "XG", "name": "East Germany", "uri": "east-germany", "index": 79}, {"_id": "EC", "name": "Ecuador", "uri": "ecuador", "index": 88}, {"_id": "EG", "name": "Egypt", "uri": "egypt", "index": 28}, {"_id": "SV", "name": "El Salvador", "uri": "el-salvador", "index": 158}, {"_id": "GQ", "name": "Equatorial Guinea", "uri": "equatorial-guinea", "index": 160}, {"_id": "ER", "name": "Eritrea", "uri": "eritrea", "index": 202}, {"_id": "EE", "name": "Estonia", "uri": "estonia", "index": 64}, {"_id": "ET", "name": "Ethiopia", "uri": "ethiopia", "index": 99}, {"_id": "FK", "name": "Falkland Islands", "uri": "falkland-islands", "index": 255}, {"_id": "FO", "name": "Faroe Islands", "uri": "faroe-islands", "index": 180}, {"_id": "FM", "name": "Federated States of Micronesia", "uri": "federated-states-of-micronesia", "index": 234}, {"_id": "FJ", "name": "Fiji", "uri": "fiji", "index": 184}, {"_id": "FI", "name": "Finland", "uri": "finland", "index": 38}, {"_id": "FR", "name": "France", "uri": "france", "index": 1}, {"_id": "GF", "name": "French Guiana", "uri": "french-guiana", "index": 159}, {"_id": "PF", "name": "French Polynesia", "uri": "french-polynesia", "index": 199}, {"_id": "TF", "name": "French Southern Territories", "uri": "french-southern-territories", "index": 196}, {"_id": "GA", "name": "Gabon", "uri": "gabon", "index": 215}, {"_id": "GM", "name": "Gambia", "uri": "gambia", "index": 190}, {"_id": "GE", "name": "Georgia", "uri": "georgia", "index": 75}, {"_id": "DE", "name": "Germany", "uri": "germany", "index": 6}, {"_id": "GH", "name": "Ghana", "uri": "ghana", "index": 86}, {"_id": "GI", "name": "Gibraltar", "uri": "gibraltar", "index": 219}, {"_id": "GR", "name": "Greece", "uri": "greece", "index": 32}, {"_id": "GL", "name": "Greenland", "uri": "greenland", "index": 137}, {"_id": "GD", "name": "Grenada", "uri": "grenada", "index": 189}, {"_id": "GP", "name": "Guadeloupe", "uri": "guadeloupe", "index": 163}, {"_id": "GU", "name": "Guam", "uri": "guam", "index": 247}, {"_id": "GT", "name": "Guatemala", "uri": "guatemala", "index": 105}, {"_id": "GN", "name": "Guinea", "uri": "guinea", "index": 162}, {"_id": "GW", "name": "Guinea-Bissau", "uri": "guinea-bissau", "index": 135}, {"_id": "GY", "name": "Guyana", "uri": "guyana", "index": 166}, {"_id": "HT", "name": "Haiti", "uri": "haiti", "index": 117}, {"_id": "HM", "name": "Heard Island and McDonald Islands", "uri": "heard-island-and-mcdonald-islands", "index": 204}, {"_id": "VA", "name": "Holy See", "uri": "holy-see", "index": 201}, {"_id": "HN", "name": "Honduras", "uri": "honduras", "index": 175}, {"_id": "HK", "name": "Hong Kong", "uri": "hong-kong", "index": 11}, {"_id": "HU", "name": "Hungary", "uri": "hungary", "index": 36}, {"_id": "IS", "name": "Iceland", "uri": "iceland", "index": 53}, {"_id": "IN", "name": "India", "uri": "india", "index": 4}, {"_id": "ID", "name": "Indonesia", "uri": "indonesia", "index": 34}, {"_id": "IR", "name": "Iran", "uri": "iran", "index": 37}, {"_id": "IQ", "name": "Iraq", "uri": "iraq", "index": 95}, {"_id": "IE", "name": "Ireland", "uri": "ireland", "index": 27}, {"_id": "IL", "name": "Israel", "uri": "israel", "index": 46}, {"_id": "IT", "name": "Italy", "uri": "italy", "index": 5}, {"_id": "CI", "name": "Ivory Coast", "uri": "ivory-coast", "index": 132}, {"_id": "JM", "name": "Jamaica", "uri": "jamaica", "index": 125}, {"_id": "JP", "name": "Japan", "uri": "japan", "index": 3}, {"_id": "JO", "name": "Jordan", "uri": "jordan", "index": 94}, {"_id": "KZ", "name": "Kazakhstan", "uri": "kazakhstan", "index": 66}, {"_id": "KE", "name": "Kenya", "uri": "kenya", "index": 89}, {"_id": "KI", "name": "Kiribati", "uri": "kiribati", "index": 227}, {"_id": "XK", "name": "Kosovo", "uri": "kosovo", "index": 100}, {"_id": "KW", "name": "Kuwait", "uri": "kuwait", "index": 122}, {"_id": "KG", "name": "Kyrgyzstan", "uri": "kyrgyzstan", "index": 138}, {"_id": "LA", "name": "Lao People's Democratic Republic", "uri": "lao-peoples-democratic-republic", "index": 126}, {"_id": "LV", "name": "Latvia", "uri": "latvia", "index": 69}, {"_id": "LB", "name": "Lebanon", "uri": "lebanon", "index": 67}, {"_id": "LS", "name": "Lesotho", "uri": "lesotho", "index": 157}, {"_id": "LR", "name": "Liberia", "uri": "liberia", "index": 164}, {"_id": "LY", "name": "Libya", "uri": "libya", "index": 127}, {"_id": "LI", "name": "Liechtenstein", "uri": "liechtenstein", "index": 98}, {"_id": "LT", "name": "Lithuania", "uri": "lithuania", "index": 63}, {"_id": "LU", "name": "Luxembourg", "uri": "luxembourg", "index": 47}, {"_id": "MO", "name": "Macao", "uri": "macao", "index": 112}, {"_id": "MK", "name": "Macedonia", "uri": "macedonia", "index": 77}, {"_id": "MG", "name": "Madagascar", "uri": "madagascar", "index": 148}, {"_id": "MW", "name": "Malawi", "uri": "malawi", "index": 155}, {"_id": "MY", "name": "Malaysia", "uri": "malaysia", "index": 56}, {"_id": "MV", "name": "Maldives", "uri": "maldives", "index": 228}, {"_id": "ML", "name": "Mali", "uri": "mali", "index": 116}, {"_id": "MT", "name": "Malta", "uri": "malta", "index": 87}, {"_id": "MH", "name": "Marshall Islands", "uri": "marshall-islands", "index": 248}, {"_id": "MQ", "name": "Martinique", "uri": "martinique", "index": 161}, {"_id": "MR", "name": "Mauritania", "uri": "mauritania", "index": 119}, {"_id": "MU", "name": "Mauritius", "uri": "mauritius", "index": 208}, {"_id": "YT", "name": "Mayotte", "uri": "mayotte", "index": 229}, {"_id": "MX", "name": "Mexico", "uri": "mexico", "index": 17}, {"_id": "MC", "name": "Monaco", "uri": "monaco", "index": 106}, {"_id": "MN", "name": "Mongolia", "uri": "mongolia", "index": 91}, {"_id": "ME", "name": "Montenegro", "uri": "montenegro", "index": 97}, {"_id": "MS", "name": "Montserrat", "uri": "montserrat", "index": 239}, {"_id": "MA", "name": "Morocco", "uri": "morocco", "index": 58}, {"_id": "MZ", "name": "Mozambique", "uri": "mozambique", "index": 147}, {"_id": "MM", "name": "Myanmar", "uri": "myanmar", "index": 108}, {"_id": "NA", "name": "Namibia", "uri": "namibia", "index": 139}, {"_id": "NR", "name": "Nauru", "uri": "nauru", "index": 195}, {"_id": "NP", "name": "Nepal", "uri": "nepal", "index": 101}, {"_id": "NL", "name": "Netherlands", "uri": "netherlands", "index": 20}, {"_id": "AN", "name": "Netherlands Antilles", "uri": "netherlands-antilles", "index": 171}, {"_id": "NC", "name": "New Caledonia", "uri": "new-caledonia", "index": 177}, {"_id": "NZ", "name": "New Zealand", "uri": "new-zealand", "index": 41}, {"_id": "NI", "name": "Nicaragua", "uri": "nicaragua", "index": 142}, {"_id": "NE", "name": "Niger", "uri": "niger", "index": 144}, {"_id": "NG", "name": "Nigeria", "uri": "nigeria", "index": 83}, {"_id": "NU", "name": "Niue", "uri": "niue", "index": 230}, {"_id": "NF", "name": "Norfolk Island", "uri": "norfolk-island", "index": 225}, {"_id": "MP", "name": "Northern Mariana Islands", "uri": "northern-mariana-islands", "index": 240}, {"_id": "KP", "name": "North Korea", "uri": "north-korea", "index": 111}, {"_id": "NO", "name": "Norway", "uri": "norway", "index": 26}, {"_id": "OM", "name": "Oman", "uri": "oman", "index": 178}, {"_id": "PK", "name": "Pakistan", "uri": "pakistan", "index": 78}, {"_id": "PW", "name": "Palau", "uri": "palau", "index": 200}, {"_id": "PA", "name": "Panama", "uri": "panama", "index": 113}, {"_id": "PG", "name": "Papua New Guinea", "uri": "papua-new-guinea", "index": 176}, {"_id": "PY", "name": "Paraguay", "uri": "paraguay", "index": 109}, {"_id": "PE", "name": "Peru", "uri": "peru", "index": 48}, {"_id": "PH", "name": "Philippines", "uri": "philippines", "index": 25}, {"_id": "PN", "name": "Pitcairn", "uri": "pitcairn", "index": 212}, {"_id": "PL", "name": "Poland", "uri": "poland", "index": 22}, {"_id": "PT", "name": "Portugal", "uri": "portugal", "index": 31}, {"_id": "PR", "name": "Puerto Rico", "uri": "puerto-rico", "index": 82}, {"_id": "QA", "name": "Qatar", "uri": "qatar", "index": 50}, {"_id": "MD", "name": "Republic of Moldova", "uri": "moldova-the-republic-of", "index": 150}, {"_id": "RE", "name": "R\u00e9union", "uri": "reunion", "index": 235}, {"_id": "RO", "name": "Romania", "uri": "romania", "index": 43}, {"_id": "RU", "name": "Russian Federation", "uri": "russian-federation", "index": 16}, {"_id": "RW", "name": "Rwanda", "uri": "rwanda", "index": 118}, {"_id": "SH", "name": "Saint Helena, Ascension and Tristan da Cunha", "uri": "saint-helena-ascension-and-tristan-da-cunha", "index": 249}, {"_id": "KN", "name": "Saint Kitts and Nevis", "uri": "saint-kitts-and-nevis", "index": 241}, {"_id": "LC", "name": "Saint Lucia", "uri": "saint-lucia", "index": 232}, {"_id": "PM", "name": "Saint Pierre and Miquelon", "uri": "saint-pierre-and-miquelon", "index": 209}, {"_id": "VC", "name": "Saint Vincent and the Grenadines", "uri": "saint-vincent-and-the-grenadines", "index": 236}, {"_id": "WS", "name": "Samoa", "uri": "samoa", "index": 192}, {"_id": "SM", "name": "San Marino", "uri": "san-marino", "index": 188}, {"_id": "ST", "name": "Sao Tome and Principe", "uri": "sao-tome-and-principe", "index": 186}, {"_id": "SA", "name": "Saudi Arabia", "uri": "saudi-arabia", "index": 85}, {"_id": "SN", "name": "Senegal", "uri": "senegal", "index": 80}, {"_id": "RS", "name": "Serbia", "uri": "serbia", "index": 45}, {"_id": "CS", "name": "Serbia and Montenegro", "uri": "serbia-and-montenegro", "index": 168}, {"_id": "SC", "name": "Seychelles", "uri": "seychelles", "index": 250}, {"_id": "SL", "name": "Sierra Leone", "uri": "sierra-leone", "index": 183}, {"_id": "SG", "name": "Singapore", "uri": "singapore", "index": 54}, {"_id": "SK", "name": "Slovakia", "uri": "slovakia", "index": 65}, {"_id": "SI", "name": "Slovenia", "uri": "slovenia", "index": 59}, {"_id": "SB", "name": "Solomon Islands", "uri": "solomon-islands", "index": 170}, {"_id": "SO", "name": "Somalia", "uri": "somalia", "index": 133}, {"_id": "ZA", "name": "South Africa", "uri": "south-africa", "index": 44}, {"_id": "GS", "name": "South Georgia and the South Sandwich Islands", "uri": "south-georgia-and-the-south-sandwich-islands", "index": 242}, {"_id": "KR", "name": "South Korea", "uri": "south-korea", "index": 10}, {"_id": "SS", "name": "South Sudan", "uri": "south-sudan", "index": 211}, {"_id": "ES", "name": "Spain", "uri": "spain", "index": 9}, {"_id": "LK", "name": "Sri Lanka", "uri": "sri-lanka", "index": 114}, {"_id": "PS", "name": "State of Palestine", "uri": "state-of-palestine", "index": 70}, {"_id": "SD", "name": "Sudan", "uri": "sudan", "index": 129}, {"_id": "SR", "name": "Suriname", "uri": "suriname", "index": 173}, {"_id": "SJ", "name": "Svalbard and Jan Mayen", "uri": "svalbard-and-jan-mayen", "index": 167}, {"_id": "SZ", "name": "Swaziland", "uri": "swaziland", "index": 216}, {"_id": "SE", "name": "Sweden", "uri": "sweden", "index": 13}, {"_id": "CH", "name": "Switzerland", "uri": "switzerland", "index": 24}, {"_id": "SY", "name": "Syrian Arab Republic", "uri": "syrian-arab-republic", "index": 102}, {"_id": "TW", "name": "Taiwan", "uri": "taiwan", "index": 33}, {"_id": "TJ", "name": "Tajikistan", "uri": "tajikistan", "index": 141}, {"_id": "TH", "name": "Thailand", "uri": "thailand", "index": 30}, {"_id": "TL", "name": "Timor-Leste", "uri": "timor-leste", "index": 169}, {"_id": "TG", "name": "Togo", "uri": "togo", "index": 206}, {"_id": "TK", "name": "Tokelau", "uri": "tokelau", "index": 256}, {"_id": "TO", "name": "Tonga", "uri": "tonga", "index": 243}, {"_id": "TT", "name": "Trinidad and Tobago", "uri": "trinidad-and-tobago", "index": 149}, {"_id": "TN", "name": "Tunisia", "uri": "tunisia", "index": 72}, {"_id": "TR", "name": "Turkey", "uri": "turkey", "index": 23}, {"_id": "TM", "name": "Turkmenistan", "uri": "turkmenistan", "index": 253}, {"_id": "TC", "name": "Turks and Caicos Islands", "uri": "turks-and-caicos-islands", "index": 191}, {"_id": "TV", "name": "Tuvalu", "uri": "tuvalu", "index": 187}, {"_id": "UG", "name": "Uganda", "uri": "uganda", "index": 107}, {"_id": "GB", "name": "UK", "uri": "uk", "index": 2}, {"_id": "UA", "name": "Ukraine", "uri": "ukraine", "index": 51}, {"_id": "AE", "name": "United Arab Emirates", "uri": "united-arab-emirates", "index": 60}, {"_id": "TZ", "name": "United Republic of Tanzania", "uri": "united-republic-of-tanzania", "index": 254}, {"_id": "UM", "name": "United States Minor Outlying Islands", "uri": "united-states-minor-outlying-islands", "index": 237}, {"_id": "UY", "name": "Uruguay", "uri": "uruguay", "index": 62}, {"_id": "US", "name": "USA", "uri": "usa", "index": 0}, {"_id": "SU", "name": "USSR", "uri": "ussr", "index": 19}, {"_id": "VI", "name": "US Virgin Islands", "uri": "us-virgin-islands", "index": 251}, {"_id": "UZ", "name": "Uzbekistan", "uri": "uzbekistan", "index": 136}, {"_id": "VU", "name": "Vanuatu", "uri": "vanuatu", "index": 198}, {"_id": "VN", "name": "Vietnam", "uri": "vietnam", "index": 68}, {"_id": "WF", "name": "Wallis and Futuna", "uri": "wallis-and-futuna", "index": 217}, {"_id": "EH", "name": "Western Sahara", "uri": "western-sahara", "index": 213}, {"_id": "YE", "name": "Yemen", "uri": "yemen", "index": 124}, {"_id": "YU", "name": "Yugoslavia", "uri": "yugoslavia", "index": 40}, {"_id": "ZM", "name": "Zambia", "uri": "zambia", "index": 156}, {"_id": "ZW", "name": "Zimbabwe", "uri": "zimbabwe", "index": 140}, {"_id": "BL", "name": "Saint Barth\u00e9lemy", "uri": "saint-barthelemy", "index": 220}, {"_id": "BQ", "name": "Bonaire, Sint Eustatius and Saba", "uri": "bonaire-sint-eustatius-and-saba", "index": 221}, {"_id": "CW", "name": "Cura\u00e7ao", "uri": "curacao", "index": 226}, {"_id": "GG", "name": "Guernsey", "uri": "guernsey", "index": 222}, {"_id": "AX", "name": "\u00c5land Islands", "uri": "aland-islands", "index": 223}, {"_id": "IM", "name": "Isle of Man", "uri": "isle-of-man", "index": 244}, {"_id": "JE", "name": "Jersey", "uri": "jersey", "index": 238}, {"_id": "MF", "name": "Saint Martin (French part)", "uri": "saint-martin-french-part", "index": 233}, {"_id": "SX", "name": "Sint Maarten (Dutch part)", "uri": "sint-maarten-dutch-part", "index": 218}]