[{"_id": "dave/list/official-top-250-narrative-feature-films", "name": "Letterboxd Top 250", "uris": ["citizen-kane", "sweet-smell-of-success", "marcel-the-shell-with-shoes-on-2021", "magnolia", "boogie-nights", "winter-light", "cure", "opening-night", "the-tale-of-the-princess-kaguya", "umberto-d", "life-and-nothing-more", "farewell-my-concubine", "dead-poets-society", "the-bridge-on-the-river-kwai", "happy-together-1997", "secrets-lies", "the-man-who-shot-liberty-valance", "underground-1995", "once-upon-a-time-in-america", "the-prestige", "the-cremator", "your-name", "the-disappearance-of-haruhi-suzumiya", "the-lion-king", "make-way-for-tomorrow", "4-months-3-weeks-and-2-days", "samurai-rebellion", "a-matter-of-life-and-death", "napoleon", "millennium-actress", "mary-and-max", "fallen-angels", "amour", "moonlight-2016", "back-to-the-future", "ritual-2000", "rosemarys-baby", "sunrise-a-song-of-two-humans", "full-metal-jacket", "the-big-city", "cleo-from-5-to-7", "an-autumn-afternoon", "the-truman-show", "the-life-and-death-of-colonel-blimp", "sorcerer", "kizumonogatari-part-3-reiketsu", "aparajito", "drive-my-car", "rrr", "the-green-mile", "harakiri", "come-and-see", "12-angry-men", "seven-samurai", "the-godfather-part-ii", "parasite-2019", "high-and-low", "the-godfather", "the-shawshank-redemption", "the-human-condition-iii-a-soldiers-prayer", "yi-yi", "spider-man-across-the-spider-verse", "schindlers-list", "ikiru", "city-of-god", "la-haine", "the-good-the-bad-and-the-ugly", "ran", "a-brighter-summer-day", "the-lord-of-the-rings-the-return-of-the-king", "goodfellas", "the-human-condition-i-no-greater-love", "neon-genesis-evangelion-the-end-of-evangelion", "the-dark-knight", "there-will-be-blood", "spirited-away", "paths-of-glory", "apocalypse-now", "portrait-of-a-lady-on-fire", "sunset-boulevard", "stalker", "grave-of-the-fireflies", "spider-man-into-the-spider-verse", "whiplash-2014", "tokyo-story", "the-passion-of-joan-of-arc", "woman-in-the-dunes", "the-apartment", "cinema-paradiso", "autumn-sonata", "persona", "the-handmaiden", "andrei-rublev", "in-the-mood-for-love", "the-empire-strikes-back", "memories-of-murder", "le-trou", "paris-texas", "close-up", "perfect-blue", "do-the-right-thing", "oldboy", "mishima-a-life-in-four-chapters", "fanny-and-alexander", "barry-lyndon", "incendies", "once-upon-a-time-in-the-west", "the-human-condition-ii-road-to-eternity", "its-such-a-beautiful-day", "rear-window", "a-woman-under-the-influence", "the-lord-of-the-rings-the-two-towers", "the-cranes-are-flying", "its-a-wonderful-life", "princess-mononoke", "a-separation", "the-red-shoes", "the-battle-of-algiers", "sansho-the-bailiff", "sherlock-jr", "before-sunset", "the-lord-of-the-rings-the-fellowship-of-the-ring", "one-flew-over-the-cuckoos-nest", "the-ascent", "the-thing", "lawrence-of-arabia", "the-pianist", "satantango", "before-sunrise", "love-exposure", "the-seventh-seal", "everything-everywhere-all-at-once", "mirror", "scenes-from-a-marriage", "city-lights", "three-colours-red", "nights-of-cabiria", "inglourious-basterds", "oppenheimer-2023", "m", "the-silence-of-the-lambs", "a-man-escaped", "psycho", "no-country-for-old-men", "i-am-cuba", "wild-strawberries", "2001-a-space-odyssey", "the-400-blows", "all-about-eve", "where-is-the-friends-house", "late-spring", "bicycle-thieves", "se7en", "singin-in-the-rain", "mommy-2014", "eternity-and-a-day", "ordet", "army-of-shadows", "amadeus", "witness-for-the-prosecution-1957", "apur-sansar", "dr-strangelove-or-how-i-learned-to-stop-worrying-and-love-the-bomb", "life-is-beautiful", "dog-day-afternoon", "children-of-men", "chungking-express", "yojimbo", "8-half", "an-elephant-sitting-still", "still-walking", "paper-moon", "nobody-knows", "howls-moving-castle", "the-wages-of-fear", "the-great-dictator", "past-lives", "taste-of-cherry", "werckmeister-harmonies", "shoplifters", "the-hunt-2012", "chinatown", "wings-of-desire", "the-father-2020", "interstellar", "brief-encounter", "alien", "landscape-in-the-mist", "the-departed", "pather-panchali", "all-that-jazz", "tampopo", "the-sacrifice", "casablanca", "red-beard", "the-young-girls-of-rochefort", "modern-times", "pulp-fiction", "prisoners", "funeral-parade-of-roses", "fight-club", "terminator-2-judgment-day", "to-be-or-not-to-be", "the-third-man", "the-night-of-the-hunter", "la-dolce-vita", "z", "good-will-hunting", "war-and-peace-1965", "the-treasure-of-the-sierra-madre", "akira", "raise-the-red-lantern", "double-indemnity", "heat-1995", "the-lives-of-others", "network", "metropolis", "das-boot", "throne-of-blood", "the-shining", "raging-bull", "fantastic-mr-fox", "mulholland-drive", "the-grand-budapest-hotel", "the-best-of-youth", "le-samourai", "the-celebration", "solaris", "rocco-and-his-brothers", "django-unchained", "aftersun", "jeanne-dielman-23-quai-du-commerce-1080-bruxelles", "vertigo", "eternal-sunshine-of-the-spotless-mind", "ugetsu", "evangelion-3010-thrice-upon-a-time", "fargo", "a-special-day", "rashomon", "nostalgia-1983", "la-notte", "ace-in-the-hole", "the-king-of-comedy", "the-iron-giant", "some-like-it-hot", "whos-afraid-of-virginia-woolf", "rififi", "children-of-paradise", "eureka-2000", "saving-private-ryan", "the-elephant-man"], "isStats": true, "num": 250, "order": 1}, {"_id": "jake_ziegler/list/academy-award-winners-for-best-picture", "name": "Oscar Best Picture Winners", "uris": ["wings", "the-broadway-melody", "all-quiet-on-the-western-front", "cimarron", "grand-hotel", "cavalcade", "it-happened-one-night", "mutiny-on-the-bounty", "the-great-ziegfeld", "the-life-of-emile-zola", "you-cant-take-it-with-you", "gone-with-the-wind", "rebecca", "how-green-was-my-valley", "mrs-miniver", "casablanca", "going-my-way", "the-lost-weekend", "the-best-years-of-our-lives", "gentlemans-agreement", "hamlet", "all-the-kings-men", "all-about-eve", "an-american-in-paris", "the-greatest-show-on-earth", "from-here-to-eternity", "on-the-waterfront", "marty", "around-the-world-in-eighty-days", "the-bridge-on-the-river-kwai", "gigi", "ben-hur-1959", "the-apartment", "west-side-story", "lawrence-of-arabia", "tom-jones", "my-fair-lady", "the-sound-of-music", "a-man-for-all-seasons", "in-the-heat-of-the-night", "oliver", "midnight-cowboy", "patton", "the-french-connection", "the-godfather", "the-sting", "the-godfather-part-ii", "one-flew-over-the-cuckoos-nest", "rocky", "annie-hall", "the-deer-hunter", "kramer-vs-kramer", "ordinary-people", "chariots-of-fire", "gandhi", "terms-of-endearment", "amadeus", "out-of-africa", "platoon", "the-last-emperor", "rain-man", "driving-miss-daisy", "dances-with-wolves", "the-silence-of-the-lambs", "unforgiven", "schindlers-list", "forrest-gump", "braveheart", "the-english-patient", "titanic-1997", "shakespeare-in-love", "american-beauty", "gladiator-2000", "a-beautiful-mind", "chicago", "the-lord-of-the-rings-the-return-of-the-king", "million-dollar-baby", "crash-2004", "the-departed", "no-country-for-old-men", "slumdog-millionaire", "the-hurt-locker", "the-kings-speech", "the-artist", "argo", "12-years-a-slave", "birdman-or-the-unexpected-virtue-of-ignorance", "spotlight", "moonlight-2016", "the-shape-of-water", "green-book", "parasite-2019", "nomadland", "coda-2021", "everything-everywhere-all-at-once"], "isStats": true, "num": 95, "order": 2}, {"_id": "dave/list/imdb-top-250", "name": "IMDb Top 250", "uris": ["dead-poets-society", "monsters-inc", "mary-and-max", "how-to-train-your-dragon", "jaws", "the-seventh-seal", "room-2015", "tokyo-story", "the-big-lebowski", "ford-v-ferrari", "ratatouille", "the-passion-of-joan-of-arc", "hotel-rwanda", "rocky", "platoon", "logan-2017", "spotlight", "the-terminator", "jai-bhim", "before-sunset", "rush-2013", "network", "stand-by-me", "the-best-years-of-our-lives", "the-wizard-of-oz-1939", "into-the-wild", "la-haine", "the-exorcist", "the-incredibles", "pirates-of-the-caribbean-the-curse-of-the-black-pearl", "to-be-or-not-to-be", "groundhog-day", "the-grapes-of-wrath", "my-father-and-my-son", "the-battle-of-algiers", "hachi-a-dogs-tale", "the-handmaiden", "amores-perros", "pather-panchali", "cool-hand-luke", "rebecca", "the-sound-of-music", "it-happened-one-night", "the-400-blows", "persona", "the-iron-giant", "the-help", "life-of-brian", "aladdin", "dances-with-wolves", "the-shawshank-redemption", "the-godfather", "the-dark-knight", "the-godfather-part-ii", "12-angry-men", "schindlers-list", "the-lord-of-the-rings-the-return-of-the-king", "pulp-fiction", "the-lord-of-the-rings-the-fellowship-of-the-ring", "the-good-the-bad-and-the-ugly", "forrest-gump", "fight-club", "the-lord-of-the-rings-the-two-towers", "inception", "spider-man-across-the-spider-verse", "the-empire-strikes-back", "the-matrix", "goodfellas", "one-flew-over-the-cuckoos-nest", "se7en", "its-a-wonderful-life", "seven-samurai", "the-silence-of-the-lambs", "interstellar", "saving-private-ryan", "city-of-god", "life-is-beautiful", "oppenheimer-2023", "the-green-mile", "star-wars", "terminator-2-judgment-day", "back-to-the-future", "spirited-away", "the-pianist", "psycho", "parasite-2019", "gladiator-2000", "the-lion-king", "leon-the-professional", "american-history-x", "the-departed", "whiplash-2014", "the-prestige", "the-usual-suspects", "casablanca", "grave-of-the-fireflies", "harakiri", "the-intouchables", "modern-times", "cinema-paradiso", "once-upon-a-time-in-the-west", "rear-window", "alien", "city-lights", "apocalypse-now", "memento", "django-unchained", "raiders-of-the-lost-ark", "walle", "the-lives-of-others", "sunset-boulevard", "paths-of-glory", "avengers-infinity-war", "the-shining", "the-great-dictator", "witness-for-the-prosecution-1957", "spider-man-into-the-spider-verse", "aliens", "american-beauty", "the-dark-knight-rises", "dr-strangelove-or-how-i-learned-to-stop-worrying-and-love-the-bomb", "inglourious-basterds", "oldboy", "coco-2017", "amadeus", "toy-story", "braveheart", "das-boot", "joker-2019", "avengers-endgame", "princess-mononoke", "good-will-hunting", "once-upon-a-time-in-america", "your-name", "3-idiots", "singin-in-the-rain", "high-and-low", "requiem-for-a-dream", "capernaum", "toy-story-3", "come-and-see", "return-of-the-jedi", "eternal-sunshine-of-the-spotless-mind", "2001-a-space-odyssey", "the-hunt-2012", "reservoir-dogs", "ikiru", "lawrence-of-arabia", "citizen-kane", "m", "north-by-northwest", "the-apartment", "vertigo", "amelie", "double-indemnity", "full-metal-jacket", "scarface-1983", "a-clockwork-orange", "incendies", "hamilton-2020", "heat-1995", "up", "to-kill-a-mockingbird", "the-sting", "a-separation", "indiana-jones-and-the-last-crusade", "metropolis", "die-hard", "la-confidential", "snatch", "bicycle-thieves", "like-stars-on-earth", "taxi-driver", "1917", "dangal", "downfall", "top-gun-maverick", "for-a-few-dollars-more", "batman-begins", "the-kid", "some-like-it-hot", "the-father-2020", "the-wolf-of-wall-street", "green-book", "all-about-eve", "judgment-at-nuremberg", "the-truman-show", "ran", "casino", "there-will-be-blood", "pans-labyrinth", "shutter-island", "unforgiven", "the-sixth-sense", "jurassic-park", "a-beautiful-mind", "the-treasure-of-the-sierra-madre", "yojimbo", "no-country-for-old-men", "monty-python-and-the-holy-grail", "kill-bill-vol-1", "the-great-escape", "the-thing", "rashomon", "finding-nemo", "the-elephant-man", "chinatown", "spider-man-no-way-home", "v-for-vendetta", "gone-with-the-wind", "raging-bull", "dial-m-for-murder", "howls-moving-castle", "lock-stock-and-two-smoking-barrels", "the-secret-in-their-eyes", "inside-out-2015", "prisoners", "three-billboards-outside-ebbing-missouri", "the-bridge-on-the-river-kwai", "trainspotting", "fargo", "warrior", "gran-torino", "catch-me-if-you-can-2002", "my-neighbor-totoro", "million-dollar-baby", "children-of-heaven", "klaus", "harry-potter-and-the-deathly-hallows-part-2", "blade-runner", "12-years-a-slave", "the-gold-rush", "before-sunrise", "the-grand-budapest-hotel", "ben-hur-1959", "gone-girl", "on-the-waterfront", "barry-lyndon", "in-the-name-of-the-father-1993", "the-general", "hacksaw-ridge", "wild-strawberries", "the-deer-hunter", "the-third-man", "memories-of-murder", "the-wages-of-fear", "sherlock-jr", "wild-tales", "mad-max-fury-road", "mr-smith-goes-to-washington"], "isStats": true, "num": 250, "order": 3}, {"_id": "matthew/list/box-office-mojo-all-time-worldwide", "name": "Box Office Mojo All Time 100", "uris": ["avatar", "avengers-endgame", "avatar-the-way-of-water", "titanic-1997", "star-wars-the-force-awakens", "avengers-infinity-war", "spider-man-no-way-home", "jurassic-world", "the-lion-king-2019", "the-avengers-2012", "furious-7", "top-gun-maverick", "frozen-2", "avengers-age-of-ultron", "black-panther", "the-super-mario-bros-movie", "harry-potter-and-the-deathly-hallows-part-2", "star-wars-the-last-jedi", "jurassic-world-fallen-kingdom", "frozen-2013", "beauty-and-the-beast-2017", "incredibles-2", "the-fate-of-the-furious", "iron-man-3", "minions", "captain-america-civil-war", "aquaman-2018", "the-lord-of-the-rings-the-return-of-the-king", "skyfall", "spider-man-far-from-home", "captain-marvel", "transformers-dark-of-the-moon", "jurassic-park", "transformers-age-of-extinction", "the-dark-knight-rises", "star-wars-the-rise-of-skywalker", "joker-2019", "toy-story-4", "toy-story-3", "pirates-of-the-caribbean-dead-mans-chest", "rogue-one-a-star-wars-story", "aladdin-2019", "pirates-of-the-caribbean-on-stranger-tides", "despicable-me-3", "finding-dory", "star-wars-episode-i-the-phantom-menace", "zootopia", "alice-in-wonderland-2010", "harry-potter-and-the-philosophers-stone", "the-hobbit-an-unexpected-journey", "the-dark-knight", "jurassic-world-dominion", "jumanji-welcome-to-the-jungle", "harry-potter-and-the-deathly-hallows-part-1", "despicable-me-2", "the-lion-king", "the-jungle-book-2016", "the-hobbit-the-battle-of-the-five-armies", "pirates-of-the-caribbean-at-worlds-end", "the-hobbit-the-desolation-of-smaug", "doctor-strange-in-the-multiverse-of-madness", "the-lord-of-the-rings-the-two-towers", "harry-potter-and-the-order-of-the-phoenix", "finding-nemo", "minions-the-rise-of-gru", "harry-potter-and-the-half-blood-prince", "shrek-2", "harry-potter-and-the-chamber-of-secrets", "bohemian-rhapsody", "the-battle-at-lake-changjin", "the-lord-of-the-rings-the-fellowship-of-the-ring", "harry-potter-and-the-goblet-of-fire", "spider-man-3", "the-secret-life-of-pets", "ice-age-dawn-of-the-dinosaurs", "spectre-2015", "spider-man-homecoming", "ice-age-continental-drift", "batman-v-superman-dawn-of-justice", "inception", "wolf-warrior-2", "star-wars-episode-iii-revenge-of-the-sith", "the-hunger-games-catching-fire", "guardians-of-the-galaxy-vol-2", "black-panther-wakanda-forever", "inside-out-2015", "venom-2018", "thor-ragnarok", "the-twilight-saga-breaking-dawn-part-2", "guardians-of-the-galaxy-vol-3", "transformers-revenge-of-the-fallen", "spider-man", "wonder-woman-2017", "hi-mom-2021", "independence-day", "coco-2017", "fantastic-beasts-and-where-to-find-them", "shrek-the-third", "jumanji-the-next-level", "harry-potter-and-the-prisoner-of-azkaban"], "isStats": true, "num": 100, "order": 4}, {"_id": "moseschan/list/afi-100-years-100-movies", "name": "AFI 100 Years 100 Movies", "uris": ["citizen-kane", "the-godfather", "casablanca", "raging-bull", "singin-in-the-rain", "gone-with-the-wind", "lawrence-of-arabia", "schindlers-list", "vertigo", "the-wizard-of-oz-1939", "city-lights", "the-searchers", "star-wars", "psycho", "2001-a-space-odyssey", "sunset-boulevard", "the-graduate", "the-general", "on-the-waterfront", "its-a-wonderful-life", "chinatown", "some-like-it-hot", "the-grapes-of-wrath", "et-the-extra-terrestrial", "to-kill-a-mockingbird", "mr-smith-goes-to-washington", "high-noon", "all-about-eve", "double-indemnity", "apocalypse-now", "the-maltese-falcon-1941", "the-godfather-part-ii", "one-flew-over-the-cuckoos-nest", "snow-white-and-the-seven-dwarfs", "annie-hall", "the-bridge-on-the-river-kwai", "the-best-years-of-our-lives", "the-treasure-of-the-sierra-madre", "dr-strangelove-or-how-i-learned-to-stop-worrying-and-love-the-bomb", "the-sound-of-music", "king-kong", "bonnie-and-clyde", "midnight-cowboy", "the-philadelphia-story", "shane", "it-happened-one-night", "a-streetcar-named-desire", "rear-window", "intolerance-loves-struggle-throughout-the-ages", "the-lord-of-the-rings-the-fellowship-of-the-ring", "west-side-story", "taxi-driver", "the-deer-hunter", "mash", "north-by-northwest", "jaws", "rocky", "the-gold-rush", "nashville", "duck-soup-1933", "sullivans-travels", "american-graffiti", "cabaret", "network", "the-african-queen", "raiders-of-the-lost-ark", "whos-afraid-of-virginia-woolf", "unforgiven", "tootsie", "a-clockwork-orange", "saving-private-ryan", "the-shawshank-redemption", "butch-cassidy-and-the-sundance-kid", "the-silence-of-the-lambs", "in-the-heat-of-the-night", "forrest-gump", "all-the-presidents-men", "modern-times", "the-wild-bunch", "the-apartment", "spartacus", "sunrise-a-song-of-two-humans", "titanic-1997", "easy-rider", "a-night-at-the-opera", "platoon", "12-angry-men", "bringing-up-baby", "the-sixth-sense", "swing-time", "sophies-choice", "goodfellas", "the-french-connection", "pulp-fiction", "the-last-picture-show", "do-the-right-thing", "blade-runner", "yankee-doodle-dandy", "toy-story", "ben-hur-1959"], "isStats": true, "num": 100, "order": 6}, {"_id": "crew/list/edgar-wrights-1000-favorite-movies", "name": "Edgar Wright\u2019s 1,000 Favorites", "uris": ["the-cabinet-of-dr-caligari-1920", "nosferatu", "safety-last", "sherlock-jr", "the-gold-rush", "faust-1926", "the-general", "metropolis", "sunrise-a-song-of-two-humans", "the-lodger-a-story-of-the-london-fog", "steamboat-bill-jr", "the-passion-of-joan-of-arc", "underground", "blackmail", "un-chien-andalou", "animal-crackers", "lage-dor", "morocco", "people-on-sunday", "city-lights", "dracula", "frankenstein-1931", "little-caesar", "m", "monkey-business", "the-public-enemy", "freaks", "island-of-lost-souls", "love-me-tonight", "scarface", "the-mummy", "the-music-box", "the-old-dark-house", "42nd-street", "duck-soup-1933", "footlight-parade", "gold-diggers-of-1933", "king-kong", "sons-of-the-desert", "the-invisible-man", "the-testament-of-dr-mabuse", "dames", "the-man-who-knew-too-much", "the-merry-widow-1934", "the-scarlet-empress", "the-thin-man", "twentieth-century", "a-night-at-the-opera", "the-bride-of-frankenstein", "top-hat", "modern-times", "sabotage", "the-awful-truth", "you-only-live-once", "angels-with-dirty-faces", "block-heads", "the-adventures-of-robin-hood", "the-lady-vanishes", "you-and-me", "the-hunchback-of-notre-dame-1939", "the-roaring-twenties", "the-wizard-of-oz-1939", "dance-girl-dance", "foreign-correspondent", "his-girl-friday", "the-bank-dick", "the-grapes-of-wrath", "the-thief-of-bagdad-1940", "49th-parallel", "citizen-kane", "sullivans-travels", "suspicion", "the-maltese-falcon-1941", "cat-people", "mrs-miniver", "road-to-morocco", "saboteur", "to-be-or-not-to-be", "went-the-day-well", "i-walked-with-a-zombie", "shadow-of-a-doubt", "the-life-and-death-of-colonel-blimp", "arsenic-and-old-lace", "double-indemnity", "lifeboat", "murder-my-sweet", "brief-encounter", "dead-of-night", "detour", "i-know-where-im-going", "rome-open-city", "the-lost-weekend", "a-matter-of-life-and-death", "beauty-and-the-beast", "green-for-danger", "notorious", "paisan", "the-big-sleep", "the-killers", "black-narcissus", "the-dark-knight", "the-ruins", "the-wrestler", "a-prophet", "a-serious-man", "coraline", "district-9", "enter-the-void", "fish-tank", "henri-georges-clouzots-inferno", "inglourious-basterds", "moon", "worlds-greatest-dad", "black-swan", "certified-copy", "four-lions", "inception", "senna", "the-arbor", "the-social-network", "beyond-the-black-rainbow", "dreams-of-a-life", "kill-bill-the-whole-bloody-affair", "michael", "midnight-in-paris", "miss-bala", "the-cabin-in-the-woods", "the-raid-2011", "the-skin-i-live-in", "tyrannosaur", "compliance", "django-unchained", "frances-ha", "holy-motors", "looper", "moonrise-kingdom", "skyfall", "the-hunt-2012", "her", "ida", "inside-llewyn-davis", "gravity-2013", "only-lovers-left-alive", "snowpiercer", "the-wolf-of-wall-street", "under-the-skin-2013", "a-pigeon-sat-on-a-branch-reflecting-on-existence", "birdman-or-the-unexpected-virtue-of-ignorance", "boyhood", "ex-machina-2015", "interstellar", "it-follows", "nightcrawler", "the-duke-of-burgundy", "the-grand-budapest-hotel", "what-we-do-in-the-shadows", "whiplash-2014", "wild-tales", "45-years", "anomalisa", "carol-2015", "inside-out-2015", "mad-max-fury-road", "the-gift-2015-1", "the-lobster", "the-witch-2015", "victoria-2015", "arrival-2016", "hell-or-high-water", "paterson", "popstar-never-stop-never-stopping", "raw-2016", "the-autopsy-of-jane-doe", "the-handmaiden", "train-to-busan", "beast-2017", "call-me-by-your-name", "dunkirk-2017", "faces-places", "get-out-2017", "on-body-and-soul", "the-shape-of-water", "burning-2018", "cold-war-2018", "eighth-grade", "hereditary", "mandy-2018", "mission-impossible-fallout", "they-shall-not-grow-old", "1917", "once-upon-a-time-in-hollywood", "parasite-2019", "saint-maud", "quo-vadis-aida", "riders-of-justice", "happening", "mass-2021", "playground-2021", "the-worst-person-in-the-world", "everything-everywhere-all-at-once", "southern-comfort", "the-evil-dead", "the-howling", "thief", "time-bandits", "48-hrs", "blade-runner", "creepshow", "et-the-extra-terrestrial", "fanny-and-alexander", "fitzcarraldo", "koyaanisqatsi", "poltergeist", "star-trek-ii-the-wrath-of-khan", "the-king-of-comedy", "the-thing", "the-verdict-1982", "the-world-according-to-garp", "tootsie", "vice-squad", "breathless-1983", "christine-1983", "local-hero", "project-a", "risky-business", "rumble-fish", "scarface-1983", "the-dead-zone", "the-man-with-two-brains", "trading-places", "a-nightmare-on-elm-street", "amadeus", "birdy", "blood-simple", "body-double", "ghostbusters", "gremlins", "indiana-jones-and-the-temple-of-doom", "meantime", "paris-texas", "repo-man", "stop-making-sense", "streets-of-fire", "the-company-of-wolves", "the-hit-1984", "the-terminator", "this-is-spinal-tap", "threads", "top-secret", "wheels-on-meals", "after-hours", "back-to-the-future", "brazil", "come-and-see", "day-of-the-dead", "into-the-night", "lost-in-america", "pee-wees-big-adventure", "ran", "re-animator", "the-purple-rose-of-cairo", "to-live-and-die-in-la", "witness", "a-better-tomorrow", "aliens", "blue-velvet", "down-by-law", "ferris-buellers-day-off", "hannah-and-her-sisters", "henry-portrait-of-a-serial-killer", "manhunter", "mona-lisa", "something-wild", "stand-by-me", "the-fly-1986", "a-better-tomorrow-ii", "a-chinese-ghost-story", "evil-dead-ii", "full-metal-jacket", "hellraiser", "house-of-games", "innerspace", "near-dark", "planes-trains-and-automobiles", "prick-up-your-ears", "raising-arizona", "robocop", "the-untouchables", "where-is-the-friends-house", "withnail-i", "a-fish-called-wanda", "akira", "beetlejuice", "dead-ringers", "die-hard", "dragons-forever", "hairspray", "heathers", "high-hopes", "midnight-run", "out-of-the-past", "crossfire", "it-always-rains-on-sunday", "nightmare-alley", "odd-man-out", "they-made-me-a-fugitive", "bicycle-thieves", "brighton-rock", "letter-from-an-unknown-woman", "oliver-twist-1948", "portrait-of-jennie", "rope", "the-fallen-idol", "the-red-shoes", "the-treasure-of-the-sierra-madre", "they-live-by-night", "caught", "criss-cross", "doa", "jour-de-fete", "kind-hearts-and-coronets", "late-spring", "the-queen-of-spades", "the-third-man", "white-heat", "all-about-eve", "gun-crazy", "in-a-lonely-place", "la-ronde", "the-young-and-the-damned", "rashomon", "sunset-boulevard", "the-asphalt-jungle", "the-breaking-point", "a-place-in-the-sun", "ace-in-the-hole", "an-american-in-paris", "pool-of-london", "strangers-on-a-train", "high-noon", "ikiru", "le-plaisir", "singin-in-the-rain", "stolen-face", "umberto-d", "duck-amuck", "i-changed-my-sex", "house-of-wax", "invaders-from-mars", "monsieur-hulots-holiday", "summer-with-monika", "the-band-wagon", "the-big-heat", "the-earrings-of-madame-de", "the-naked-spur", "the-wages-of-fear", "godzilla", "la-strada", "magnificent-obsession-1954", "rear-window", "sansho-the-bailiff", "seven-samurai", "them", "all-that-heaven-allows", "bad-day-at-black-rock", "blackboard-jungle", "diabolique-1955", "its-always-fair-weather", "kiss-me-deadly", "ordet", "rebel-without-a-cause", "rififi", "the-big-combo", "the-court-jester", "the-ladykillers", "the-night-of-the-hunter", "the-quatermass-xperiment", "bigger-than-life", "forbidden-planet", "invasion-of-the-body-snatchers", "the-bad-seed", "the-killing", "the-searchers", "the-wrong-man", "written-on-the-wind", "12-angry-men", "a-face-in-the-crowd", "hell-drivers", "kanal-1957", "night-of-the-demon", "nights-of-cabiria", "paths-of-glory", "quatermass-2", "sweet-smell-of-success", "the-bridge-on-the-river-kwai", "the-cranes-are-flying", "the-curse-of-frankenstein", "the-incredible-shrinking-man", "the-seventh-seal", "throne-of-blood", "the-sugarland-express", "the-super-cops", "the-taking-of-pelham-one-two-three", "the-texas-chain-saw-massacre", "thunderbolt-and-lightfoot", "young-frankenstein", "barry-lyndon", "deep-red", "dog-day-afternoon", "jaws", "love-and-death", "monty-python-and-the-holy-grail", "one-flew-over-the-cuckoos-nest", "picnic-at-hanging-rock", "the-stepford-wives", "all-the-presidents-men", "assault-on-precinct-13", "bugsy-malone", "carrie-1976", "kings-of-the-road", "marathon-man", "network", "nuts-in-may", "taxi-driver", "the-omen", "the-tenant", "who-can-kill-a-child", "3-women", "annie-hall", "apaches-1977", "capricorn-one", "close-encounters-of-the-third-kind", "eraserhead", "jabberwocky", "martin", "rolling-thunder", "sorcerer", "star-wars", "suspiria", "that-obscure-object-of-desire", "the-duellists", "the-spy-who-loved-me", "coma", "dawn-of-the-dead", "days-of-heaven", "grease", "halloween-1978", "invasion-of-the-body-snatchers-1978", "long-weekend", "animal-house", "piranha", "straight-time", "superman", "the-36th-chamber-of-shaolin", "the-deer-hunter", "the-driver", "the-fury", "the-silent-partner", "watership-down", "10", "alien", "all-that-jazz", "apocalypse-now", "being-there", "mad-max", "manhattan", "life-of-brian", "scum", "the-black-hole", "the-brood", "the-jerk", "the-wanderers", "the-warriors", "airplane", "dressed-to-kill-1980", "flash-gordon-1980", "gregorys-girl", "raging-bull", "the-empire-strikes-back", "superman-ii", "the-blues-brothers", "the-changeling", "the-elephant-man", "the-fog", "the-long-good-friday", "the-ninth-configuration", "the-shining", "the-stunt-man", "an-american-werewolf-in-london", "blow-out", "body-heat", "cutters-way", "diva", "escape-from-new-york", "looker", "mad-max-2", "modern-romance", "ms-45", "raiders-of-the-lost-ark", "roadgames", "bunny-lake-is-missing", "darling", "faster-pussycat-kill-kill", "for-a-few-dollars-more", "juliet-of-the-spirits", "planet-of-the-vampires", "repulsion", "simon-of-the-desert", "the-10th-victim", "the-collector", "the-hill", "the-ipcress-file", "the-knack-and-how-to-get-it", "andrei-rublev", "batman-1966", "blow-up", "closely-watched-trains", "cul-de-sac", "daisies", "fantastic-voyage", "gambit", "kill-baby-kill", "persona", "seconds", "the-good-the-bad-and-the-ugly", "the-war-game", "tokyo-drifter", "belle-de-jour", "bonnie-and-clyde", "cool-hand-luke", "in-the-heat-of-the-night", "le-samourai", "playtime", "point-blank", "poor-cow", "privilege", "quatermass-and-the-pit", "robbery", "the-dirty-dozen", "the-firemens-ball", "the-graduate", "the-presidents-analyst", "the-producers", "the-young-girls-of-rochefort", "two-for-the-road", "viy", "weekend-1967", "2001-a-space-odyssey", "bullitt", "coogans-bluff", "danger-diabolik", "dark-of-the-sun", "head", "if", "night-of-the-living-dead", "once-upon-a-time-in-the-west", "planet-of-the-apes", "pretty-poison", "rosemarys-baby", "spirits-of-the-dead", "the-boston-strangler", "the-devil-rides-out", "the-great-silence", "the-swimmer", "the-thomas-crown-affair", "where-eagles-dare", "wild-in-the-streets", "witchfinder-general", "yellow-submarine", "army-of-shadows", "bob-carol-ted-alice", "butch-cassidy-and-the-sundance-kid", "easy-rider", "frankenstein-must-be-destroyed", "i-start-counting", "kes", "last-summer", "midnight-cowboy", "sweet-charity", "take-the-money-and-run", "the-bed-sitting-room", "the-house-that-screamed", "the-italian-job", "the-wild-bunch", "what-ever-happened-to-aunt-alice", "beyond-the-valley-of-the-dolls", "catch-22", "deep-end", "diary-of-a-mad-housewife", "el-topo", "five-easy-pieces", "mumsy-nanny-sonny-girly", "hatchet-for-the-honeymoon", "little-big-man", "mash", "performance", "the-bird-with-the-crystal-plumage", "the-butcher-1970", "the-conformist", "wheres-poppa", "whats-opera-doc", "wild-strawberries", "a-night-to-remember", "ashes-and-diamonds", "big-deal-on-madonna-street", "dracula-1958", "ice-cold-in-alex", "elevator-to-the-gallows", "mon-oncle", "the-7th-voyage-of-sinbad", "the-hidden-fortress", "the-music-room", "touch-of-evil", "vertigo", "a-bucket-of-blood", "ben-hur-1959", "horrors-of-the-black-museum", "imitation-of-life-1959", "north-by-northwest", "odds-against-tomorrow", "rio-bravo", "sapphire", "some-like-it-hot", "the-400-blows", "apur-sansar", "beat-girl", "black-sunday-1960", "breathless", "eyes-without-a-face", "la-dolce-vita", "peeping-tom", "psycho", "rocco-and-his-brothers", "saturday-night-and-sunday-morning", "shoot-the-piano-player", "spartacus", "the-apartment", "the-bad-sleep-well", "the-league-of-gentlemen", "the-running-jumping-standing-still-film", "the-virgin-spring", "village-of-the-damned", "zazie-dans-le-metro", "a-taste-of-honey", "la-notte", "last-year-at-marienbad", "lola", "the-day-the-earth-caught-fire", "the-guns-of-navarone", "the-hustler", "the-innocents", "victim", "viridiana", "west-side-story", "whistle-down-the-wind", "yojimbo", "carnival-of-souls", "cleo-from-5-to-7", "jules-and-jim", "knife-in-the-water", "leclisse", "il-sorpasso", "the-exterminating-angel", "the-loneliness-of-the-long-distance-runner", "the-man-who-shot-liberty-valance", "the-manchurian-candidate", "vivre-sa-vie", "what-ever-happened-to-baby-jane", "8-half", "billy-liar", "black-sabbath", "charade", "from-russia-with-love", "high-and-low", "jason-and-the-argonauts", "shock-corridor", "the-birds", "the-great-escape", "the-haunting", "the-servant", "the-small-world-of-sammy-lee", "a-fistful-of-dollars", "a-hard-days-night", "a-shot-in-the-dark", "band-of-outsiders", "blood-and-black-lace", "dr-strangelove-or-how-i-learned-to-stop-worrying-and-love-the-bomb", "goldfinger", "i-am-cuba", "onibaba", "red-desert", "seance-on-a-wet-afternoon", "the-masque-of-the-red-death", "the-naked-kiss", "the-pawnbroker", "the-train", "the-umbrellas-of-cherbourg", "topkapi", "woman-in-the-dunes", "zulu", "a-simple-plan", "buffalo-66", "the-celebration", "happiness", "i-stand-alone", "last-night", "out-of-sight", "pi", "ringu", "run-lola-run", "rushmore", "show-me-love", "theres-something-about-mary", "all-about-my-mother", "american-movie", "audition", "being-john-malkovich", "election", "magnolia", "office-space", "south-park-bigger-longer-uncut", "the-insider", "the-limey", "the-matrix", "the-sixth-sense", "the-straight-story", "the-virgin-suicides", "three-kings", "wild-zero", "amores-perros", "battle-royale", "best-in-show", "crouching-tiger-hidden-dragon", "in-the-mood-for-love", "joint-security-area", "memento", "requiem-for-a-dream", "sexy-beast", "songs-from-the-second-floor", "the-filth-and-the-fury", "together-2000", "amelie", "donnie-darko", "frailty", "mulholland-drive", "oceans-eleven-2001", "shaolin-soccer", "spirited-away", "the-devils-backbone", "the-lord-of-the-rings-the-fellowship-of-the-ring", "the-piano-teacher", "the-royal-tenenbaums", "y-tu-mama-tambien", "adaptation", "city-of-god", "hero-2002", "infernal-affairs", "irreversible", "spider", "sympathy-for-mr-vengeance", "good-bye-lenin", "lost-in-translation", "memories-of-murder", "oldboy", "school-of-rock", "anchorman-the-legend-of-ron-burgundy", "before-sunset", "dead-mans-shoes", "eternal-sunshine-of-the-spotless-mind", "man-on-fire-2004", "napoleon-dynamite", "sideways", "spider-man-2", "team-america-world-police", "vera-drake", "a-history-of-violence", "brick", "brokeback-mountain", "cache", "apocalypto", "casino-royale-2006", "children-of-men", "pans-labyrinth", "the-host", "united-93", "rec", "4-months-3-weeks-and-2-days", "control-2007", "no-country-for-old-men", "persepolis", "superbad", "the-king-of-kong-a-fistful-of-quarters", "there-will-be-blood", "timecrimes", "you-the-living", "zodiac", "happy-go-lucky", "let-the-right-one-in", "man-on-wire", "synecdoche-new-york", "zabriskie-point", "10-rillington-place", "a-bay-of-blood", "a-clockwork-orange", "a-new-leaf", "a-touch-of-zen", "bananas", "daughters-of-darkness", "dirty-harry", "duel", "four-flies-on-grey-velvet", "get-carter", "harold-and-maude", "klute", "little-murders", "melody", "play-misty-for-me", "straw-dogs", "taking-off", "the-abominable-dr-phibes", "the-anderson-tapes", "the-andromeda-strain", "the-beguiled", "the-boy-friend", "the-devils", "the-french-connection", "the-last-picture-show", "thx-1138", "two-lane-blacktop", "vanishing-point", "wake-in-fright", "walkabout", "aguirre-the-wrath-of-god", "asylum", "cabaret", "deliverance", "five-fingers-of-death", "frenzy", "play-it-again-sam", "prime-cut", "death-line", "silent-running", "tales-from-the-crypt", "the-discreet-charm-of-the-bourgeoisie", "the-getaway", "the-godfather", "the-heartbreak-kid-1972", "the-hot-rock", "the-mechanic", "whats-up-doc-1972", "amarcord", "american-graffiti", "badlands", "charley-varrick", "coffy", "day-for-night", "dont-look-now", "electra-glide-in-blue", "flesh-for-frankenstein", "high-plains-drifter", "live-and-let-die", "mean-streets", "o-lucky-man", "paper-moon", "serpico", "sisters", "sleeper", "slither-1973", "the-asphyx", "the-exorcist", "the-holy-mountain", "the-last-detail", "the-last-of-sheila", "the-legend-of-hell-house", "the-long-goodbye", "the-spirit-of-the-beehive", "the-three-musketeers-1973", "the-wicker-man", "theatre-of-blood", "westworld", "white-lightning", "ali-fear-eats-the-soul", "alice-doesnt-live-here-anymore", "alice-in-the-cities", "blazing-saddles", "blood-for-dracula", "bring-me-the-head-of-alfredo-garcia", "chinatown", "dark-star", "dirty-mary-crazy-larry", "from-beyond-the-grave", "lenny", "the-living-dead-at-manchester-morgue", "phantom-of-the-paradise", "phase-iv", "scenes-from-a-marriage", "the-conversation", "the-godfather-part-ii", "the-parallax-view", "the-phantom-of-liberty", "the-decline-of-western-civilization-part-ii-the-metal-years", "the-naked-gun-from-the-files-of-police-squad", "the-vanishing", "virile-games", "crimes-and-misdemeanors", "do-the-right-thing", "drugstore-cowboy", "santa-sangre", "sex-lies-and-videotape", "the-cook-the-thief-his-wife-her-lover", "the-killer", "arachnophobia", "goodfellas", "gremlins-2-the-new-batch", "life-is-sweet", "miami-blues", "millers-crossing", "misery", "tremors", "trust", "wild-at-heart", "barton-fink", "cape-fear-1991", "delicatessen", "jfk", "la-story", "point-break", "riki-oh-the-story-of-ricky", "terminator-2-judgment-day", "the-last-boy-scout", "the-people-under-the-stairs", "the-silence-of-the-lambs", "bad-lieutenant", "braindead-1992", "deep-cover", "el-mariachi", "glengarry-glen-ross", "hard-boiled", "man-bites-dog", "one-false-move", "raising-cain", "reservoir-dogs", "the-player", "twin-peaks-fire-walk-with-me", "unforgiven", "i-love-a-man-in-uniform", "bad-boy-bubby", "carlitos-way", "cronos", "dazed-and-confused", "groundhog-day", "jurassic-park", "naked", "suture", "the-piano", "the-wrong-trousers", "three-colours-blue", "true-romance", "chungking-express", "clerks", "ed-wood", "fist-of-legend", "heavenly-creatures", "leon-the-professional", "once-were-warriors", "pulp-fiction", "the-last-seduction", "the-legend-of-drunken-master", "the-shawshank-redemption", "three-colours-red", "three-colours-white", "before-sunrise", "heat-1995", "la-haine", "se7en", "the-quick-and-the-dead-1995", "the-usual-suspects", "big-night", "bottle-rocket-1996", "bound", "breaking-the-waves", "citizen-ruth", "desperado", "fargo", "freeway", "romeo-juliet-1996", "scream", "swingers", "trainspotting", "waiting-for-guffman", "boogie-nights", "cube", "funny-games", "grosse-pointe-blank", "jackie-brown", "la-confidential", "lost-highway", "starship-troopers", "taste-of-cherry", "the-ice-storm"], "isStats": true, "num": 1000, "order": 7}, {"_id": "gubarenko/list/1001-movies-you-must-see-before-you-die-2021", "name": "1,001 To See Before You Die", "uris": ["a-trip-to-the-moon", "a-man-escaped", "written-on-the-wind", "forbidden-planet", "the-burmese-harp", "the-searchers", "the-ten-commandments-1956", "all-that-heaven-allows", "bob-le-flambeur", "smiles-of-a-summer-night", "oklahoma", "the-ladykillers", "the-night-of-the-hunter", "guys-and-dolls", "kiss-me-deadly", "the-man-with-the-golden-arm", "the-phenix-city-story", "night-and-fog", "bad-day-at-black-rock", "hill-24-doesnt-answer", "the-mad-masters", "rebel-without-a-cause", "artists-and-models", "marty", "ordet", "pather-panchali", "lola-montes", "salt-of-the-earth", "johnny-guitar", "carmen-jones", "sansho-the-bailiff", "seven-samurai", "the-barefoot-contessa", "silver-lode", "senso", "rear-window", "a-star-is-born-1954", "diabolique-1955", "la-strada", "on-the-waterfront", "the-big-heat", "roman-holiday", "gentlemen-prefer-blondes", "shane", "journey-to-italy", "ugetsu", "from-here-to-eternity", "tokyo-story", "the-naked-spur", "the-bigamist", "the-wages-of-fear", "the-earrings-of-madame-de", "monsieur-hulots-holiday", "the-band-wagon", "pickup-on-south-street", "summer-with-monika", "the-golden-coach", "high-noon", "umberto-d", "ikiru", "the-bad-and-the-beautiful", "singin-in-the-rain", "europe-51", "forbidden-games-1952", "the-quiet-man", "the-day-the-earth-stood-still", "diary-of-a-country-priest", "the-lavender-hill-mob", "a-place-in-the-sun", "the-african-queen", "pandora-and-the-flying-dutchman", "an-american-in-paris", "a-streetcar-named-desire", "strangers-on-a-train", "ace-in-the-hole", "in-a-lonely-place", "the-young-and-the-damned", "sunset-boulevard", "rio-grande", "winchester-73", "all-about-eve", "rashomon", "the-asphalt-jungle", "orpheus", "on-the-town", "whisky-galore", "kind-hearts-and-coronets", "the-third-man", "the-heiress", "adams-rib", "white-heat", "the-reckless-moment", "gun-crazy", "louisiana-story", "the-treasure-of-the-sierra-madre", "the-red-shoes", "rope", "the-lady-from-shanghai", "the-snake-pit", "the-paleface-1948", "red-river", "spring-in-a-small-town", "force-of-evil", "secret-beyond-the-door", "letter-from-an-unknown-woman", "bicycle-thieves", "odd-man-out", "monsieur-verdoux", "out-of-the-past", "black-narcissus", "notorious", "my-darling-clementine", "great-expectations", "a-matter-of-life-and-death", "gilda", "the-big-sleep", "its-a-wonderful-life", "the-killers", "beauty-and-the-beast", "the-postman-always-rings-twice", "paisan", "the-best-years-of-our-lives", "rome-open-city", "brief-encounter", "san-pietro", "children-of-paradise", "the-lost-weekend", "i-know-where-im-going", "detour", "mildred-pierce", "ivan-the-terrible-part-i", "murder-my-sweet", "double-indemnity", "henry-v-1944", "gaslight-1944", "to-have-and-have-not", "meet-me-in-st-louis", "laura", "ossessione", "shadow-of-a-doubt", "the-man-in-grey", "the-seventh-victim", "meshes-of-the-afternoon", "the-life-and-death-of-colonel-blimp", "the-ox-bow-incident", "fires-were-started", "cat-people", "casablanca", "mrs-miniver", "yankee-doodle-dandy", "the-magnificent-ambersons", "to-be-or-not-to-be", "now-voyager", "the-palm-beach-story", "dumbo", "the-maltese-falcon-1941", "sullivans-travels", "how-green-was-my-valley", "high-sierra", "the-wolf-man-1941", "the-lady-eve", "sergeant-york", "citizen-kane", "pinocchio", "the-bank-dick", "the-mortal-storm", "the-grapes-of-wrath", "the-philadelphia-story", "rebecca", "fantasia", "his-girl-friday", "the-story-of-the-last-chrysanthemum", "the-rules-of-the-game", "the-wizard-of-oz-1939", "ninotchka", "gunga-din", "daybreak-1939", "gone-with-the-wind", "destry-rides-again", "only-angels-have-wings", "stagecoach", "mr-smith-goes-to-washington", "wuthering-heights", "the-lady-vanishes", "olympia-part-one-festival-of-the-nations", "bringing-up-baby", "the-bakers-wife", "angels-with-dirty-faces", "the-adventures-of-robin-hood", "jezebel", "the-life-of-emile-zola", "the-awful-truth", "captains-courageous", "snow-white-and-the-seven-dwarfs", "song-at-midnight", "stella-dallas", "grand-illusion", "make-way-for-tomorrow", "pepe-le-moko", "a-day-in-the-country", "dodsworth", "the-cool-world", "blonde-cobra", "contempt", "shock-corridor", "barren-lives", "the-leopard", "hud", "the-house-is-black", "flaming-creatures", "the-servant", "passenger", "the-birds", "8-half", "what-ever-happened-to-baby-jane", "the-manchurian-candidate", "jules-and-jim", "the-exterminating-angel", "mondo-cane", "leclisse", "the-given-word", "to-kill-a-mockingbird", "lawrence-of-arabia", "no-12-heaven-and-earth-magic", "the-man-who-shot-liberty-valance", "lolita", "an-autumn-afternoon", "vivre-sa-vie", "prelude-dog-star-man", "cleo-from-5-to-7", "last-year-at-marienbad", "chronicle-of-a-summer", "through-a-glass-darkly", "the-ladies-man-1961", "the-hustler", "west-side-story", "la-notte", "the-exiles", "lola", "breakfast-at-tiffanys", "la-jetee", "viridiana", "splendor-in-the-grass", "black-sunday-1960", "peeping-tom", "shoot-the-piano-player", "psycho", "the-cloud-capped-star", "the-housemaid", "the-apartment", "spartacus", "breathless", "lavventura", "rocco-and-his-brothers", "le-trou", "la-dolce-vita", "saturday-night-and-sunday-morning", "eyes-without-a-face", "floating-weeds", "rio-bravo", "apur-sansar", "shadows-1959", "anatomy-of-a-murder", "ben-hur-1959", "black-orpheus", "ride-lonesome", "hiroshima-mon-amour", "pickpocket", "the-400-blows", "north-by-northwest", "some-like-it-hot", "some-came-running", "mon-oncle", "the-music-room", "cairo-station", "dracula-1958", "ashes-and-diamonds", "vertigo", "man-of-the-west", "the-defiant-ones", "gigi", "touch-of-evil", "mother-india", "sweet-smell-of-success", "the-bridge-on-the-river-kwai", "aparajito", "the-cranes-are-flying", "nights-of-cabiria", "gunfight-at-the-ok-corral", "the-incredible-shrinking-man", "wild-strawberries", "12-angry-men", "the-seventh-seal", "an-affair-to-remember", "paths-of-glory", "throne-of-blood", "high-society", "the-wrong-man", "giant", "invasion-of-the-body-snatchers", "bigger-than-life", "the-english-patient", "secrets-lies", "scream", "shine", "three-lives-and-only-one-death", "gabbeh", "fargo", "trainspotting", "zero-kelvin", "the-usual-suspects", "dead-man", "toy-story", "heat-1995", "safe", "clueless", "cyclo", "dilwale-dulhania-le-jayenge", "underground-1995", "the-white-balloon", "smoke", "se7en", "babe", "deseret", "braveheart", "the-kingdom", "chungking-express", "caro-diario", "the-shawshank-redemption", "through-the-olive-trees", "forrest-gump", "four-weddings-and-a-funeral", "clerks", "satantango", "hoop-dreams", "the-adventures-of-priscilla-queen-of-the-desert", "muriels-wedding", "natural-born-killers", "three-colours-red", "pulp-fiction", "heavenly-creatures", "crumb", "wild-reeds", "the-last-seduction", "the-lion-king", "jurassic-park", "thirty-two-short-films-about-glenn-gould", "the-wedding-banquet", "the-piano", "groundhog-day", "farewell-my-concubine", "three-colours-blue", "schindlers-list", "short-cuts", "the-blue-kite", "the-puppetmaster", "philadelphia", "the-crying-game", "man-bites-dog", "center-stage-1991", "unforgiven", "a-tale-of-winter", "glengarry-glen-ross", "reservoir-dogs", "the-player", "strictly-ballroom", "romper-stomper", "hearts-of-darkness-a-filmmakers-apocalypse", "raise-the-red-lantern", "tongues-untied", "the-double-life-of-veronique", "delicatessen", "terminator-2-judgment-day", "the-silence-of-the-lambs", "my-own-private-idaho", "thelma-louise", "once-upon-a-time-in-china", "slacker", "jfk", "a-brighter-summer-day", "the-rapture", "la-belle-noiseuse", "boyz-n-the-hood", "europa-europa", "edward-scissorhands", "total-recall", "archangel-1990", "henry-portrait-of-a-serial-killer", "dances-with-wolves", "pretty-woman", "king-of-new-york", "close-up", "goodfellas", "no-fear-no-die", "trust", "a-city-of-sadness", "sex-lies-and-videotape", "roger-me", "the-unbelievable-truth", "do-the-right-thing", "the-asthenic-syndrome", "drugstore-cowboy", "the-killer", "my-left-foot-the-story-of-christy-brown", "the-cook-the-thief-his-wife-her-lover", "glory", "field-of-dreams", "batman-1989", "crimes-and-misdemeanors", "when-harry-met-sally", "distant-voices-still-lives", "robocop", "dead-ringers", "dangerous-liaisons", "die-hard", "rain-man", "dekalog", "who-framed-roger-rabbit", "big", "grave-of-the-fireflies", "cinema-paradiso", "the-naked-gun-from-the-files-of-police-squad", "a-tale-of-the-wind", "a-fish-called-wanda", "akira", "the-thin-blue-line", "ariel", "alice-1988", "the-vanishing", "women-on-the-verge-of-a-nervous-breakdown", "hotel-terminus-the-life-and-times-of-klaus-barbie", "bull-durham", "the-dead", "fatal-attraction", "red-sorghum", "the-untouchables", "wall-street", "moonstruck", "good-morning-vietnam", "babettes-feast", "broadcast-news", "full-metal-jacket", "a-chinese-ghost-story", "the-princess-bride", "withnail-i", "wings-of-desire", "project-a-part-ii", "yeelen", "raising-arizona", "au-revoir-les-enfants", "the-horse-thief", "tampopo", "stand-by-me", "shermans-march", "top-gun", "the-fly-1986", "ferris-buellers-day-off", "aliens", "peking-opera-blues", "the-decline-of-the-american-empire", "down-by-law", "platoon", "salvador", "caravaggio", "children-of-a-lesser-god", "shes-gotta-have-it", "hannah-and-her-sisters", "blue-velvet", "manhunter", "a-room-with-a-view", "the-color-purple", "shoah", "vagabond", "the-purple-rose-of-cairo", "the-quiet-earth", "kiss-of-the-spider-woman", "brazil", "back-to-the-future", "ran", "out-of-africa", "mishima-a-life-in-four-chapters", "come-and-see", "the-breakfast-club", "the-time-to-live-and-the-time-to-die", "prizzis-honor", "amadeus", "stranger-than-paradise", "the-killing-fields", "beverly-hills-cop", "a-passage-to-india", "this-is-spinal-tap", "a-nightmare-on-elm-street", "paris-texas", "ghostbusters", "the-natural", "the-terminator", "once-upon-a-time-in-america", "local-hero", "the-king-of-comedy", "scarface-1983", "koyaanisqatsi", "things-to-come", "camille-1936", "the-story-of-a-cheat", "my-man-godfrey", "mr-deeds-goes-to-town", "swing-time", "modern-times", "peter-ibbetson", "top-hat", "captain-blood", "the-bride-of-frankenstein", "a-night-at-the-opera", "the-39-steps", "mutiny-on-the-bounty", "the-thin-man", "the-black-cat", "latalante", "it-happened-one-night", "the-goddess-1934", "its-a-gift", "triumph-of-the-will", "queen-christina", "sons-of-the-desert", "land-without-bread", "king-kong", "gold-diggers-of-1933", "zero-for-conduct-1933", "duck-soup-1933", "she-done-him-wrong", "the-bitter-tea-of-general-yen", "footlight-parade", "42nd-street", "freaks", "scarface", "trouble-in-paradise", "shanghai-express", "love-me-tonight", "boudu-saved-from-drowning", "i-am-a-fugitive-from-a-chain-gang", "vampyr", "m", "the-public-enemy", "frankenstein-1931", "dracula", "city-lights", "tabu-1931", "limite", "a-nous-la-liberte", "earth-1930", "lage-dor", "all-quiet-on-the-western-front", "the-blue-angel", "little-caesar", "blackmail", "pandoras-box", "man-with-a-movie-camera", "a-throw-of-dice", "storm-over-asia", "steamboat-bill-jr", "un-chien-andalou", "the-passion-of-joan-of-arc", "the-docks-of-new-york", "the-crowd", "the-kid-brother", "napoleon", "the-jazz-singer", "october-ten-days-that-shook-the-world", "the-unknown", "the-general", "sunrise-a-song-of-two-humans", "metropolis", "the-adventures-of-prince-achmed", "the-big-parade", "the-gold-rush", "battleship-potemkin", "the-phantom-of-the-opera", "the-eagle-1925", "the-thief-of-bagdad", "greed", "the-great-white-silence", "sherlock-jr", "strike", "the-last-laugh", "la-roue", "our-hospitality", "foolish-wives", "haxan", "nosferatu", "nanook-of-the-north", "dr-mabuse-the-gambler", "the-smiling-madame-beudet", "the-phantom-carriage", "orphans-of-the-storm", "within-our-gates", "broken-blossoms-1919", "the-cabinet-of-dr-caligari-1920", "intolerance-loves-struggle-throughout-the-ages", "the-vampires-or-the-arch-criminals-of-paris", "the-birth-of-a-nation", "the-great-train-robbery", "nomadland", "lovers-rock-2020", "never-rarely-sometimes-always", "soul-2020", "ma-raineys-black-bottom", "tenet", "saint-maud", "rocks-2019", "the-assistant-2019", "the-vast-of-night", "portrait-of-a-lady-on-fire", "for-sama", "booksmart", "once-upon-a-time-in-hollywood", "the-farewell-2019", "joker-2019", "parasite-2019", "little-women-2019", "the-lighthouse-2019", "blackkklansman", "roma-2018", "capernaum", "phantom-thread", "black-panther", "get-out-2017", "call-me-by-your-name", "lady-bird", "toni-erdmann", "moonlight-2016", "la-la-land", "mad-max-fury-road", "tangerine", "son-of-saul", "the-grand-budapest-hotel", "boyhood", "12-years-a-slave", "blue-is-the-warmest-color", "the-great-beauty", "gravity-2013", "the-cabin-in-the-woods", "the-artist", "the-social-network", "inception", "nostalgia-for-the-light", "avatar", "district-9", "let-the-right-one-in", "the-dark-knight", "the-hurt-locker", "there-will-be-blood", "paranormal-activity", "the-lives-of-others", "pans-labyrinth", "brokeback-mountain", "downfall", "moolaade", "head-on-2004", "osama", "good-bye-lenin", "oldboy", "aileen-life-and-death-of-a-serial-killer", "elephant-2003", "city-of-god", "bowling-for-columbine", "russian-ark", "spirited-away", "the-lord-of-the-rings-the-fellowship-of-the-ring", "crouching-tiger-hidden-dragon", "memento", "requiem-for-a-dream", "gladiator-2000", "in-the-mood-for-love", "the-gleaners-and-i", "the-matrix", "all-about-my-mother", "beau-travail", "audition", "fight-club", "the-sixth-sense", "being-john-malkovich", "the-blair-witch-project", "the-thin-red-line", "happiness", "ringu", "the-celebration", "rushmore", "run-lola-run", "saving-private-ryan", "taste-of-cherry", "titanic-1997", "the-sweet-hereafter", "open-your-eyes", "funny-games", "la-confidential", "boogie-nights", "fireworks-1997", "the-ice-storm", "independence-day", "breaking-the-waves", "lone-star-1996", "el-topo", "the-butcher-1970", "the-conformist", "tristana", "my-night-at-mauds", "the-wild-bunch", "in-the-year-of-the-pig", "lucia", "kes", "easy-rider", "a-touch-of-zen", "butch-cassidy-and-the-sundance-kid", "midnight-cowboy", "the-color-of-pomegranates", "andrei-rublev", "fellini-satyricon", "z", "the-producers", "shame", "targets", "night-of-the-living-dead", "2001-a-space-odyssey", "hour-of-the-wolf", "high-school", "memories-of-underdevelopment", "david-holzmans-diary", "if", "rosemarys-baby", "planet-of-the-apes", "faces-1968", "once-upon-a-time-in-the-west", "the-cow-1969", "viy", "bonnie-and-clyde", "the-jungle-book", "the-firemens-ball", "marketa-lazarova", "in-the-heat-of-the-night", "entranced-earth", "closely-watched-trains", "wavelength-1967", "le-samourai", "weekend-1967", "the-young-girls-of-rochefort", "point-blank", "the-graduate", "the-red-and-the-white", "playtime", "cool-hand-luke", "belle-de-jour", "2-or-3-things-i-know-about-her", "report", "masculin-feminin", "au-hasard-balthazar", "persona", "the-good-the-bad-and-the-ugly", "seconds", "come-drink-with-me", "daisies", "blow-up", "whos-afraid-of-virginia-woolf", "hold-me-while-im-naked", "subarnarekha", "pierrot-le-fou", "repulsion", "the-saragossa-manuscript", "vinyl", "faster-pussycat-kill-kill", "chimes-at-midnight", "alphaville", "the-man-who-had-his-hair-cut-short", "the-sound-of-music", "the-battle-of-algiers", "juliet-of-the-spirits", "tokyo-olympiad", "the-war-game", "doctor-zhivago", "the-shop-on-main-street", "the-gospel-according-to-st-matthew", "onibaba", "mary-poppins", "gertrud", "the-umbrellas-of-cherbourg", "a-hard-days-night", "black-god-white-devil", "dr-strangelove-or-how-i-learned-to-stop-worrying-and-love-the-bomb", "before-the-revolution", "the-masque-of-the-red-death", "marnie", "scorpio-rising", "shadows-of-forgotten-ancestors", "woman-in-the-dunes", "red-desert", "my-fair-lady", "goldfinger", "the-haunting", "an-actors-revenge", "mediterranee", "the-great-escape", "the-nutty-professor", "videodrome", "the-4th-man", "el-norte", "terms-of-endearment", "the-ballad-of-narayama", "return-of-the-jedi", "sans-soleil", "the-big-chill", "largent-1983", "the-right-stuff", "a-christmas-story-1983", "the-draughtsmans-contract", "a-question-of-silence", "the-night-of-the-shooting-stars", "fanny-and-alexander", "the-thing", "gandhi", "fitzcarraldo", "tootsie", "diner", "blade-runner", "the-road-1982", "poltergeist", "too-early-too-late", "fast-times-at-ridgemont-high", "the-evil-dead", "et-the-extra-terrestrial", "reds", "man-of-iron", "body-heat", "chariots-of-fire", "gallipoli", "das-boot", "raiders-of-the-lost-ark", "diva", "an-american-werewolf-in-london", "airplane", "raging-bull", "loulou", "the-big-red-one", "the-elephant-man", "the-shining", "the-last-metro", "atlantic-city", "the-empire-strikes-back", "ordinary-people", "kramer-vs-kramer", "the-jerk", "the-tin-drum", "mad-max", "christ-stopped-at-eboli", "the-muppet-movie", "all-that-jazz", "apocalypse-now", "manhattan", "being-there", "alien", "breaking-away", "real-life", "life-of-brian", "stalker", "nosferatu-the-vampyre", "the-marriage-of-maria-braun", "my-brilliant-career", "the-36th-chamber-of-shaolin", "grease", "up-in-smoke-1978", "dawn-of-the-dead", "the-deer-hunter", "the-chant-of-jimmie-blacksmith", "the-tree-of-wooden-clogs", "halloween-1978", "days-of-heaven", "the-hills-have-eyes", "soldier-of-orange", "eraserhead", "killer-of-sheep", "saturday-night-fever", "man-of-marble", "last-chants-for-a-slow-dance", "sleeping-dogs", "suspiria", "annie-hall", "the-american-friend", "ceddo", "stroszek", "star-wars", "the-last-wave", "close-encounters-of-the-third-kind", "the-ascent", "in-the-realm-of-the-senses", "rocky", "taxi-driver", "carrie-1976", "network", "the-killing-of-a-chinese-bookie", "the-outlaw-josey-wales", "all-the-presidents-men", "the-man-who-fell-to-earth", "jaws", "india-song", "picnic-at-hanging-rock", "cria-cuervos", "salo-or-the-120-days-of-sodom", "nashville", "fox-and-his-friends", "manila-in-the-claws-of-light", "one-flew-over-the-cuckoos-nest", "dog-day-afternoon", "deewaar", "monty-python-and-the-holy-grail", "the-travelling-players", "jeanne-dielman-23-quai-du-commerce-1080-bruxelles", "the-rocky-horror-picture-show", "barry-lyndon", "ali-fear-eats-the-soul", "celine-and-julie-go-boating", "blazing-saddles", "the-texas-chain-saw-massacre", "young-frankenstein", "a-woman-under-the-influence", "chinatown", "mirror", "the-conversation", "the-godfather-part-ii", "dersu-uzala", "bring-me-the-head-of-alfredo-garcia", "the-towering-inferno", "amarcord", "fantastic-planet", "the-harder-they-come", "the-spirit-of-the-beehive", "turkish-delight", "pat-garrett-billy-the-kid", "f-for-fake", "the-exorcist", "sleeper", "mean-streets", "day-for-night", "dont-look-now", "serpico", "enter-the-dragon", "the-wicker-man", "the-long-goodbye", "papillon", "american-graffiti", "badlands", "high-plains-drifter", "the-mother-and-the-whore", "the-sting", "super-fly", "sleuth", "pink-flamingos", "frenzy", "the-heartbreak-kid-1972", "fat-city", "the-bitter-tears-of-petra-von-kant", "last-tango-in-paris", "the-godfather", "the-discreet-charm-of-the-bourgeoisie", "cries-and-whispers", "solaris", "cabaret", "aguirre-the-wrath-of-god", "deliverance", "wake-in-fright", "two-lane-blacktop", "straw-dogs", "murmur-of-the-heart", "wanda", "the-last-picture-show", "sweet-sweetbacks-baadasssss-song", "shaft", "get-carter", "red-psalm", "the-french-connection", "harold-and-maude", "klute", "walkabout", "wr-mysteries-of-the-organism", "the-hired-hand", "the-devils", "willy-wonka-the-chocolate-factory", "the-sorrow-and-the-pity", "mccabe-mrs-miller", "a-clockwork-orange", "dirty-harry", "the-garden-of-the-finzi-continis", "gimme-shelter-1970", "woodstock", "performance", "zabriskie-point", "mash", "the-bird-with-the-crystal-plumage", "patton", "little-big-man", "the-ear", "the-spiders-stratagem", "deep-end", "five-easy-pieces"], "isStats": true, "num": 1001, "order": 8}, {"_id": "jack/list/official-top-250-documentary-films", "name": "Top 250 Documentaries", "uris": ["sleep-has-her-house", "garlic-is-as-good-as-ten-mothers", "citizenfour", "the-stroll-2023", "toni-morrison-the-pieces-i-am", "at-sea", "triumph-over-violence", "city-hall-2020", "mayor", "where-does-your-hidden-smile-lie", "boys-state", "american-dream", "rush-beyond-the-lighted-stage", "my-winnipeg", "miss-americana", "italianamerican", "this-much-i-know-to-be-true", "winter-on-fire-ukraines-fight-for-freedom", "woodlands-dark-and-days-bewitched-a-history-of-folk-horror", "diana-in-her-own-words", "white-light-black-rain-the-destruction-of-hiroshima-and-nagasaki", "the-crash-reel", "amazing-grace-2018", "pixo", "big-time", "little-dieter-needs-to-fly", "love-meetings", "at-the-heart-of-gold-inside-the-usa-gymnastics-scandal", "pearl-jam-twenty", "high-school", "rising-phoenix", "the-two-escobars", "shakedown-2018", "exit-through-the-gift-shop", "la-region-centrale", "from-the-east", "virunga", "ex-libris-the-new-york-public-library", "listen-to-me-marlon", "martin-margiela-in-his-own-words", "jane-2017-1", "jane-b-by-agnes-v", "symbiopsychotaxiplasm-take-one", "talking-about-trees", "at-berkeley", "tempestad", "dick-johnson-is-dead", "gods-country-1985", "diego-maradona", "icarus-2017", "stop-making-sense", "shoah", "nathan-for-you-finding-frances", "paris-is-burning", "as-i-was-moving-ahead-occasionally-i-saw-brief-glimpses-of-beauty", "oj-made-in-america", "hoop-dreams", "tie-xi-qu-west-of-the-tracks", "the-act-of-killing", "streetwise", "dear-zachary-a-letter-to-a-son-about-his-father", "for-sama", "13th", "harlan-county-usa", "twenty-years-later", "pink-floyd-live-at-pompeii", "koyaanisqatsi", "the-emperors-naked-army-marches-on", "minding-the-gap", "the-look-of-silence", "man-with-a-movie-camera", "baraka", "black-is-black-aint", "when-the-levees-broke-a-requiem-in-four-acts", "the-beaches-of-agnes", "david-byrnes-american-utopia", "dominion-2018", "welfare", "the-battle-of-chile-part-i", "the-battle-of-chile-part-ii", "master-a-building-in-copacabana", "life-of-crime-1984-2020", "playing", "tongues-untied", "senna", "samsara-2011", "flee-2021", "sans-soleil", "a-personal-journey-with-martin-scorsese-through-american-movies", "tokyo-olympiad", "wont-you-be-my-neighbor", "hearts-of-darkness-a-filmmakers-apocalypse", "f-for-fake", "the-gleaners-and-i", "one-more-time-with-feeling", "human-2015", "i-am-not-your-negro", "all-the-beauty-and-the-bloodshed", "alone-in-the-wilderness", "the-salt-of-the-earth", "american-movie", "the-sorrow-and-the-pity", "original-cast-album-company", "la-92", "the-metamorphosis-of-birds", "david-attenborough-a-life-on-our-planet", "summer-of-soul-or-when-the-revolution-could-not-be-televised", "crumb", "the-last-waltz", "63-up", "faces-places", "til-madness-do-us-part", "heima", "hypernormalisation", "hearts-and-minds", "woodstock", "the-three-deaths-of-marisela-escobedo", "a-grin-without-a-cat", "cameraperson", "grizzly-man", "ennio", "histoires-du-cinema", "jimi-plays-monterey", "ziggy-stardust-and-the-spiders-from-mars", "the-murder-of-fred-hampton", "paradise-lost-the-child-murders-at-robin-hood-hills", "sign-o-the-times", "mr-bachmann-and-his-class", "the-times-of-harvey-milk", "no-direction-home-bob-dylan", "blue-1993", "they-shall-not-grow-old", "diaries-notes-and-sketches", "the-devil-and-daniel-johnston", "for-all-mankind", "disclosure-2020-1", "9-11", "love-antosha", "lessons-of-darkness", "roger-waters-the-wall", "dont-look-back-1967", "apollo-11-2019", "when-we-were-kings", "the-lovely-month-of-may", "los-angeles-plays-itself", "the-quince-tree-sun", "george-harrison-living-in-the-material-world", "102-minutes-that-changed-america", "monterey-pop", "the-rescue-2021", "news-from-home", "searching-for-sugar-man", "bitter-lake-2015", "the-work", "reminiscences-of-a-journey-to-lithuania", "28-up", "earthlings", "the-thin-blue-line", "fire-of-love-2022", "concert-for-george", "burden-of-dreams", "42-up", "jazz-on-a-summers-day", "shinjuku-boys", "revolution-of-our-times", "free-solo", "waltz-with-bashir", "tom-petty-and-the-heartbreakers-runnin-down-a-dream", "pictures-of-the-old-world", "lost-lost-lost", "land-of-silence-and-darkness", "49-up", "the-kingdom-of-dreams-and-madness", "it-felt-like-a-kiss", "kanehsatake-270-years-of-resistance", "sink-or-swim", "gleason-2016", "nazi-concentration-camps", "see-know-evil", "ryuichi-sakamoto-coda", "the-fire-within-requiem-for-katia-and-maurice-krafft", "gimme-shelter-1970", "my-voyage-to-italy", "hospital-1970", "the-dawn-wall", "the-silence-of-others", "the-last-days", "tower-2016", "the-battle-of-chile-part-iii", "grey-gardens", "varda-by-agnes", "let-the-fire-burn", "style-wars", "cuba-and-the-cameraman", "long-strange-trip", "still-a-michael-j-fox-movie", "35-up", "little-girl-2020", "homework-1989", "nobodys-business", "five-came-back-2017-1", "microcosmos", "amy-2015", "crip-camp-a-disability-revolution", "the-black-power-mixtape-1967-1975", "love-deutschmarks-and-death", "roger-waters-us-them", "moonage-daydream", "dark-days", "21-up", "songs-for-drella", "encounters-at-the-end-of-the-world", "the-great-white-silence", "shirkers", "jiro-dreams-of-sushi", "concerning-violence", "titicut-follies", "haxan", "the-hour-of-the-furnaces", "out-takes-from-the-life-of-a-happy-man", "the-velvet-queen", "honeyland-2019", "nostalgia-for-the-light", "wattstax", "collective", "56-up", "salaam-cinema", "the-fog-of-war", "the-king-of-kong-a-fistful-of-quarters", "jodorowskys-dune", "how-to-die-in-oregon", "the-cove", "in-jackson-heights", "hands-on-a-hardbody-the-documentary", "welcome-to-chechnya", "bones-brigade-an-autobiography", "kedi-2016", "mur-murs", "lumiere-2016", "how-to-survive-a-plague", "depeche-mode-101", "lake-of-fire", "jane-fonda-in-five-acts", "ethnic-notions", "daguerreotypes", "4-little-girls", "five-broken-cameras", "to-be-and-to-have", "night-will-fall", "blackfish"], "isStats": true, "num": 250, "order": 9}, {"_id": "darrencb/list/letterboxds-top-250-horror-films", "name": "Top 250 Horror", "uris": ["the-thing", "psycho", "alien", "the-shining", "cure", "the-cremator", "rosemarys-baby", "kwaidan", "demons-1971", "get-out-2017", "diabolique-1955", "twin-peaks-fire-walk-with-me", "what-ever-happened-to-baby-jane", "black-swan", "possession", "what-we-do-in-the-shadows", "seconds", "the-innocents", "the-wolf-house", "the-cabinet-of-dr-caligari-1920", "faust-1926", "onibaba", "let-the-right-one-in", "the-phantom-carriage", "the-lighthouse-2019", "one-cut-of-the-dead", "i-saw-the-devil", "phantom-of-the-paradise", "evil-dead-ii", "kuroneko", "scream", "godzilla", "house", "peeping-tom", "the-exorcist", "jaws", "santa-sangre", "the-fly-1986", "hereditary", "the-wailing", "shaun-of-the-dead", "the-rocky-horror-picture-show", "haxan", "night-of-the-living-dead", "hour-of-the-wolf", "the-bride-of-frankenstein", "dawn-of-the-dead", "suspiria", "funny-games", "train-to-busan", "the-wicker-man", "eyes-without-a-face", "vampire-hunter-d-bloodlust", "repulsion", "invasion-of-the-body-snatchers-1978", "braindead-1992", "mother-joan-of-the-angels", "freaks", "eraserhead", "nosferatu", "the-skeleton-of-mrs-morales", "deep-red", "videodrome", "king-kong", "beauty-and-the-beast-1978", "the-texas-chain-saw-massacre", "the-skin-i-live-in", "tetsuo-the-iron-man", "shin-godzilla", "nosferatu-the-vampyre", "the-devil-1972", "take-shelter", "the-man-who-laughs", "the-invisible-man", "an-american-werewolf-in-london", "carrie-1976", "angel-dust", "the-witch-2015", "frankenstein-1931", "the-tenant", "dead-ringers", "manhunter", "inland-empire", "halloween-1978", "a-page-of-madness", "the-third-part-of-the-night", "audition", "the-devils-backbone", "black-christmas", "the-incredible-shrinking-man", "kotoko", "a-new-life", "little-shop-of-horrors", "invasion-of-the-body-snatchers", "jacobs-ladder", "vampyr", "morgiana", "manichitrathazhu", "the-return-of-the-living-dead", "dont-look-now", "the-unknown", "rapture-1979", "gamera-3-revenge-of-iris", "helter-skelter-2012", "midsommar", "november-2017", "in-the-mouth-of-madness", "strangler-vs-strangler", "night-of-the-demon", "the-hunchback-of-notre-dame-1939", "the-haunting", "climax-2018", "mad-god", "the-boxers-omen", "scooby-doo-on-zombie-island", "pearl-2022", "nope", "thesis", "the-host", "thirst-2009", "carnival-of-souls", "a-girl-walks-home-alone-at-night", "the-birds", "day-of-the-dead", "re-animator", "the-happiness-of-the-katakuris", "angst", "under-the-blossoming-cherry-trees", "little-otik", "28-days-later", "suspiria-2018", "the-fall-of-the-house-of-usher", "a-nightmare-on-elm-street", "martin", "guilty-of-romance", "taste-of-fear", "tenebre", "godzilla-vs-destoroyah", "the-phantom-of-the-opera", "dead-of-night", "blind-beast", "the-demon-1963", "blood-and-black-lace", "dr-jekyll-and-mr-hyde-1931", "images", "who-can-kill-a-child", "raw-2016", "the-others", "this-night-ill-possess-your-corpse", "retribution", "cold-fish", "the-seventh-curse", "army-of-darkness", "cemetery-man", "linferno", "a-tale-of-two-sisters", "the-bird-with-the-crystal-plumage", "the-other-side-of-the-underneath", "clearcut", "talk-to-me-2022", "rec", "bone-tomahawk", "despite-the-night", "gamera-2-attack-of-legion", "love-massacre", "dogra-magra", "white-dog", "island-of-lost-souls", "the-stepford-wives", "the-evil-dead", "careful", "bones-and-all", "titane", "martyrs", "green-room", "dreadnaught", "strange-circus", "cat-people", "hush-hush-sweet-charlotte", "lunacy", "frenzy", "i-walked-with-a-zombie", "the-ghost-of-yotsuya", "encounter-of-the-spooky-kind", "pulse-2001", "a-quiet-place-2018", "us-2019", "empire-of-passion", "the-day-of-the-beast", "the-golem-how-he-came-into-the-world", "tucker-and-dale-vs-evil", "mr-vampire", "carnival-of-sinners", "gozu", "the-omen", "poison-for-the-fairies", "anguish", "dont-torture-a-duckling", "seance-2000", "black-sunday-1960", "noroi-the-curse", "dont-let-the-riverbeast-get-you", "altered-states", "gremlins", "tigers-are-not-afraid", "bedevilled", "singapore-sling", "in-a-glass-cage", "the-orphanage", "the-lost-boys", "bram-stokers-dracula", "the-bad-seed", "the-abominable-dr-phibes", "tumbbad", "angel-heart", "ichi-the-killer", "opera", "candyman", "gemini", "jigoku", "the-spiral-staircase", "celia", "black-sabbath", "funny-games-2007", "mad-love", "the-descent", "the-hidden", "mandy-2018", "the-house-that-jack-built-2018", "the-addiction", "ravenous", "ganja-hess", "stoker", "possessor", "the-long-walk-2019", "the-fan-1982", "the-brood", "the-picture-of-dorian-gray", "the-hitcher", "the-innocents-2021", "the-penalty", "ringu", "theatre-of-blood", "bud-abbott-and-lou-costello-meet-frankenstein", "phenomena", "ginger-snaps", "dracula-1958", "tales-from-the-hood", "dementia", "awakening-of-the-beast"], "isStats": true, "num": 250, "order": 10}, {"_id": "jack/list/women-directors-the-official-top-100-narrative", "name": "Top 100 Women-Directed", "uris": ["city-of-god", "portrait-of-a-lady-on-fire", "the-ascent", "past-lives", "werckmeister-harmonies", "aftersun", "jeanne-dielman-23-quai-du-commerce-1080-bruxelles", "barbie", "cleo-from-5-to-7", "quo-vadis-aida", "the-matrix", "the-turin-horse", "persepolis", "little-miss-sunshine", "a-silent-voice", "the-company-of-strangers", "mustang-2015", "little-women-2019", "beau-travail", "jacquot", "the-final-exit-of-the-disciples-of-ascensia", "capernaum", "petite-maman", "le-bonheur", "vagabond", "the-meetings-of-anna", "the-farewell-2019", "forever-a-woman", "the-second-mother", "out-1", "house-of-hummingbird", "k-on-the-movie", "one-sings-the-other-doesnt", "dou-kyu-sei-classmates", "mikey-and-nicky", "shrek", "ratcatcher", "the-breadwinner", "us-and-them-2018", "gett-the-trial-of-viviane-amsalem", "daisies", "the-world-of-us", "the-watermelon-woman", "anatomy-of-a-fall", "love-and-anarchy", "pariah", "05-mm", "never-rarely-sometimes-always", "the-rider", "little-forest", "liz-and-the-blue-bird", "tomboy-2011", "the-adventures-of-prince-achmed", "but-im-a-cheerleader", "maronas-fantastic-tale", "seven-beauties", "happy-as-lazzaro", "the-prince-of-egypt", "happening", "microhabitat", "bound", "35-shots-of-rum", "system-crasher", "bottoms", "saving-face", "loving-vincent", "toni-erdmann", "the-eight-mountains", "rocks-2019", "toute-une-nuit", "farha", "birds-of-passage-2018", "a-new-leaf", "something-useful", "fragile-as-the-world", "the-souvenir-part-ii", "the-heartbreak-kid-1972", "one-million-yen-girl", "girlfriends-1978", "real-women-have-curves", "american-psycho", "suzaku", "first-cow", "the-tale", "trenque-lauquen", "born-in-flames", "wendy-and-lucy", "a-simple-life", "shiva-baby-2020", "agatha-and-the-limitless-readings", "20th-century-girl", "lost-in-translation", "summer-1993", "the-tale-of-the-fox", "rye-lane", "the-day-i-became-a-woman", "wings-1966", "slumdog-millionaire", "madchen-in-uniform", "awakenings", "the-cave-of-the-yellow-dog", "la-cienaga", "my-first-summer", "boat-people", "orlando", "nomadland", "wajib", "coda-2021", "the-piano", "peppermint-soda", "shara", "are-you-there-god-its-me-margaret", "the-selfish-giant-2013", "lady-bird", "salaam-bombay", "zindagi-na-milegi-dobara", "working-girls-1986", "moral", "theater-camp-2023", "chocolat-1988", "antonias-line", "divines", "little-fugitive-1953", "identifying-features", "we-need-to-talk-about-kevin", "sweet-bean", "an-angel-at-my-table", "close-knit", "fish-tank", "brainstorm-2000", "papicha", "honey-boy", "take-out-2004", "prayers-for-the-stolen", "the-silences-of-the-palace", "blame-it-on-fidel", "summerland-2020", "foreign-land", "chilly-scenes-of-winter", "dear-ex", "the-connection", "morvern-callar", "wanda", "kim-ji-young-born-1982", "om-shanti-om", "the-body-remembers-when-the-world-broke-open", "from-the-clouds-to-the-resistance", "chronicle-of-anna-magdalena-bach", "the-blue-caftan", "class-relations", "bangalore-days", "lullaby-2022-1", "the-secret-of-kells", "mukhsin", "losing-ground", "moses-and-aaron", "ninjababy", "where-do-we-go-now", "blue-jean", "cherry-blossoms", "beautiful-thing", "helter-skelter-2012", "sicily", "wadjda", "selma", "sambizanga", "falcon-lake", "strange-days", "blood-tea-and-red-string", "the-virgin-suicides", "yuni", "a-womans-revenge-2012", "american-honey", "antigone-1992", "i-am-not-a-witch", "the-forty-year-old-version", "europa-europa", "breathe-2014", "kamome-diner", "othon", "marianne-and-juliane", "desert-hearts", "private-life-2018", "dogfight", "little-women-1994", "my-happy-family", "simone-barbes-or-virtue", "booksmart", "a-girl-walks-home-alone-at-night", "eves-bayou", "an-autumns-tale", "love-according-to-dalva", "mississippi-masala", "friday-night", "the-crossing-2021-1", "all-your-faces", "a-thousand-and-one", "adoption", "western-2017", "violet-evergarden-eternity-and-the-auto-memory-doll", "documenteur", "ode-to-nothing", "women-talking", "things-to-come-2016", "the-way-home", "the-girl-from-the-other-side-2022", "american-splendor", "violet-perfume", "little-nicholas-happy-as-can-be", "leave-no-trace", "a-question-of-silence", "the-hurt-locker", "girlhood-2014", "take-care-of-my-cat", "beauty-and-the-dogs", "sami-blood", "golden-eighties", "the-cambridge-squatter", "the-innocents-2016", "the-girls", "to-wong-foo-thanks-for-everything-julie-newmar", "saint-omer", "the-long-farewell-1971", "white-material", "polisse", "scrapper-2023", "american-girl-2021", "vikram-vedha", "old-joy", "a-league-of-their-own", "away-from-her", "kuessipan", "i-cant-sleep", "rocks-in-my-pockets", "talvar", "this-magnificent-cake", "mudbound", "certain-women", "the-forest-for-the-trees", "the-swallows-of-kabul", "daughters-of-the-dust", "noise-2022-2", "our-friend", "the-hedgehog", "kings-of-the-world", "one-hundred-and-one-nights", "playground-2021", "babyteeth", "the-intruder", "ticket-of-no-return"], "isStats": true, "num": 250, "order": 11}, {"_id": "lifeasfiction/list/letterboxd-100-animation", "name": "Top 100 Animation", "uris": ["spider-man-across-the-spider-verse", "spirited-away", "grave-of-the-fireflies", "spider-man-into-the-spider-verse", "perfect-blue", "its-such-a-beautiful-day", "princess-mononoke", "howls-moving-castle", "akira", "fantastic-mr-fox", "evangelion-3010-thrice-upon-a-time", "the-iron-giant", "marcel-the-shell-with-shoes-on-2021", "the-tale-of-the-princess-kaguya", "your-name", "the-lion-king", "mary-and-max", "millennium-actress", "my-neighbor-totoro", "tokyo-godfathers", "wolfwalkers", "flee-2021", "ratatouille", "walle", "puss-in-boots-the-last-wish", "song-of-the-sea", "son-of-the-white-mare", "persepolis", "a-silent-voice", "night-is-short-walk-on-girl", "toy-story", "whisper-of-the-heart", "my-life-as-a-zucchini", "angels-egg", "nausicaa-of-the-valley-of-the-wind", "the-first-slam-dunk", "coco-2017", "mind-game", "kikis-delivery-service", "coraline", "the-garden-of-sinners-paradox-spiral", "the-final-exit-of-the-disciples-of-ascensia", "klaus", "wolf-children", "paprika-2006", "interstella-5555-the-5tory-of-the-5ecret-5tar-5ystem", "ghost-in-the-shell", "up", "the-incredibles", "the-wolf-house", "monsters-inc", "mulan", "ernest-celestine", "the-wind-rises", "finding-nemo", "cowboy-bebop-the-movie", "waltz-with-bashir", "dou-kyu-sei-classmates", "castle-in-the-sky", "shrek", "the-breadwinner", "fantastic-planet", "ponyo", "tux-and-fanny", "tower-2016", "azur-asmar-the-princes-quest", "toy-story-3", "in-this-corner-of-the-world", "the-tragedy-of-man", "redline", "nimona-2023", "batman-mask-of-the-phantasm", "guillermo-del-toros-pinocchio", "tekkonkinkreet", "how-to-train-your-dragon", "shrek-2", "porco-rosso", "princes-and-princesses", "liz-and-the-blue-bird", "soul-2020", "the-adventures-of-prince-achmed", "maronas-fantastic-tale", "lilo-stitch", "the-triplets-of-belleville", "the-summit-of-the-gods", "the-prince-of-egypt", "isle-of-dogs-2018", "lupin-the-third-the-castle-of-cagliostro", "the-nightmare-before-christmas", "on-gaku-our-sound", "toy-story-2", "vampire-hunter-d-bloodlust", "a-town-called-panic", "loving-vincent", "evangelion-20-you-can-not-advance", "kubo-and-the-two-strings", "only-yesterday", "the-pied-piper-1986", "batman-the-dark-knight-returns-part-2", "when-the-wind-blows"], "isStats": true, "num": 100, "order": 12}, {"_id": "bfi/list/sight-and-sounds-greatest-films-of-all-time", "name": "Sight & Sound Top 100", "uris": ["uncle-boonmee-who-can-recall-his-past-lives", "nosferatu", "i-know-where-im-going", "double-indemnity", "the-life-and-death-of-colonel-blimp", "paris-is-burning", "the-tree-of-life-2011", "zama", "one-way-or-another-1975", "mad-max-fury-road", "by-the-bluest-of-seas", "suspiria", "brief-encounter", "army-of-shadows", "all-about-eve", "limite", "in-a-lonely-place", "pink-flamingos", "the-deer-hunter", "twin-peaks-fire-walk-with-me", "duck-soup-1933", "melancholia", "twenty-years-later", "raiders-of-the-lost-ark", "harlan-county-usa", "a-touch-of-zen", "the-green-ray", "happy-together-1997", "star-wars", "blue-1993", "napoleon", "intolerance-loves-struggle-throughout-the-ages", "flowers-of-shanghai", "as-i-was-moving-ahead-occasionally-i-saw-brief-glimpses-of-beauty", "europe-51", "grave-of-the-fireflies", "crash", "the-hour-of-the-furnaces", "cries-and-whispers", "the-crowd", "je-tu-il-elle", "petite-maman", "in-vandas-room", "my-darling-clementine", "the-quince-tree-sun", "annie-hall", "pandoras-box", "oh-sun", "distant-voices-still-lives", "morvern-callar", "sullivans-travels", "the-intruder", "born-in-flames", "syndromes-and-a-century", "earth-1930", "mouchette", "werckmeister-harmonies", "nostalgia-for-the-light", "a-canterbury-tale", "a-clockwork-orange", "the-last-laugh", "taste-of-cherry", "possession", "videodrome", "vagabond", "the-house-is-black", "rio-bravo", "come-and-see", "the-godfather-part-ii", "the-mother-and-the-whore", "jaws", "wild-strawberries", "bringing-up-baby", "the-man-who-shot-liberty-valance", "the-wizard-of-oz-1939", "goodbye-dragon-inn", "touch-of-evil", "dont-look-now", "to-be-or-not-to-be", "a-woman-under-the-influence", "nashville", "the-thing", "aguirre-the-wrath-of-god", "the-texas-chain-saw-massacre", "the-conformist", "only-angels-have-wings", "the-matrix", "there-will-be-blood", "johnny-guitar", "the-color-of-pomegranates", "the-umbrellas-of-cherbourg", "the-ascent", "his-girl-friday", "pulp-fiction", "raging-bull", "fanny-and-alexander", "notorious", "lawrence-of-arabia", "its-a-wonderful-life", "a-day-in-the-country", "children-of-paradise", "trouble-in-paradise", "the-wild-bunch", "la-cienaga", "gertrud", "the-seventh-seal", "sambizanga", "pickpocket", "all-that-heaven-allows", "alien", "the-watermelon-woman", "grand-illusion", "vampyr", "india-song", "chinatown", "twin-peaks-the-return", "the-cloud-capped-star", "days-of-heaven", "le-bonheur", "west-indies", "a-city-of-sadness", "the-gospel-according-to-st-matthew", "all-about-my-mother", "ikiru", "the-young-and-the-damned", "once-upon-a-time-in-america", "out-of-the-past", "where-is-the-friends-house", "orlando", "vivre-sa-vie", "tie-xi-qu-west-of-the-tracks", "amarcord", "the-exterminating-angel", "last-year-at-marienbad", "out-1", "un-chien-andalou", "symbiopsychotaxiplasm-take-one", "heat-1995", "under-the-skin-2013", "the-good-the-bad-and-the-ugly", "hiroshima-mon-amour", "the-magnificent-ambersons", "largent-1983", "black-narcissus", "letter-from-an-unknown-woman", "memories-of-underdevelopment", "red-desert", "charulata", "pyaasa", "magnolia", "greed", "wings-of-desire", "ran", "the-birds", "an-autumn-afternoon", "paris-texas", "the-young-girls-of-rochefort", "the-river", "love-streams", "paisan", "the-headless-woman", "dr-strangelove-or-how-i-learned-to-stop-worrying-and-love-the-bomb", "leclisse", "wavelength-1967", "jeanne-dielman-23-quai-du-commerce-1080-bruxelles", "vertigo", "citizen-kane", "tokyo-story", "in-the-mood-for-love", "2001-a-space-odyssey", "beau-travail", "mulholland-drive", "man-with-a-movie-camera", "singin-in-the-rain", "sunrise-a-song-of-two-humans", "the-godfather", "the-rules-of-the-game", "cleo-from-5-to-7", "the-searchers", "meshes-of-the-afternoon", "close-up", "persona", "apocalypse-now", "seven-samurai", "the-passion-of-joan-of-arc", "late-spring", "playtime", "do-the-right-thing", "au-hasard-balthazar", "the-night-of-the-hunter", "shoah", "daisies", "taxi-driver", "portrait-of-a-lady-on-fire", "mirror", "8-half", "psycho", "latalante", "pather-panchali", "city-lights", "m", "breathless", "some-like-it-hot", "rear-window", "bicycle-thieves", "rashomon", "stalker", "killer-of-sheep", "north-by-northwest", "the-battle-of-algiers", "barry-lyndon", "wanda", "ordet", "the-400-blows", "the-piano", "news-from-home", "ali-fear-eats-the-soul", "the-apartment", "battleship-potemkin", "sherlock-jr", "contempt", "blade-runner", "sans-soleil", "daughters-of-the-dust", "la-dolce-vita", "moonlight-2016", "casablanca", "goodfellas", "the-third-man", "touki-bouki", "the-gleaners-and-i", "metropolis", "andrei-rublev", "the-red-shoes", "la-jetee", "my-neighbor-totoro", "journey-to-italy", "lavventura", "imitation-of-life-1959", "sansho-the-bailiff", "spirited-away", "a-brighter-summer-day", "satantango", "celine-and-julie-go-boating", "modern-times", "sunset-boulevard", "a-matter-of-life-and-death", "blue-velvet", "pierrot-le-fou", "histoires-du-cinema", "the-spirit-of-the-beehive", "the-shining", "chungking-express", "the-earrings-of-madame-de", "the-leopard", "ugetsu", "parasite-2019", "yi-yi", "a-man-escaped", "the-general", "once-upon-a-time-in-the-west", "get-out-2017", "black-girl-1966", "tropical-malady"], "isStats": true, "order": 5, "num": 264}]