[{"_id": "dave/list/official-top-250-narrative-feature-films", "name": "Letterboxd Top 250", "uris": ["harakiri", "come-and-see", "12-angry-men", "seven-samurai", "the-godfather-part-ii", "parasite-2019", "high-and-low", "the-godfather", "the-shawshank-redemption", "the-human-condition-iii-a-soldiers-prayer", "yi-yi", "spider-man-across-the-spider-verse", "schindlers-list", "city-of-god", "ikiru", "la-haine", "the-good-the-bad-and-the-ugly", "ran", "a-brighter-summer-day", "the-lord-of-the-rings-the-return-of-the-king", "goodfellas", "the-human-condition-i-no-greater-love", "neon-genesis-evangelion-the-end-of-evangelion", "the-dark-knight", "there-will-be-blood", "spirited-away", "paths-of-glory", "apocalypse-now", "portrait-of-a-lady-on-fire", "sunset-boulevard", "grave-of-the-fireflies", "stalker", "spider-man-into-the-spider-verse", "whiplash-2014", "tokyo-story", "the-passion-of-joan-of-arc", "woman-in-the-dunes", "the-apartment", "autumn-sonata", "cinema-paradiso", "persona", "the-handmaiden", "andrei-rublev", "in-the-mood-for-love", "the-empire-strikes-back", "le-trou", "memories-of-murder", "close-up", "paris-texas", "oldboy", "do-the-right-thing", "mishima-a-life-in-four-chapters", "perfect-blue", "fanny-and-alexander", "barry-lyndon", "incendies", "the-human-condition-ii-road-to-eternity", "once-upon-a-time-in-the-west", "its-such-a-beautiful-day", "rear-window", "a-woman-under-the-influence", "the-cranes-are-flying", "the-lord-of-the-rings-the-two-towers", "its-a-wonderful-life", "princess-mononoke", "a-separation", "the-red-shoes", "the-battle-of-algiers", "sansho-the-bailiff", "sherlock-jr", "one-flew-over-the-cuckoos-nest", "the-lord-of-the-rings-the-fellowship-of-the-ring", "before-sunset", "the-ascent", "the-thing", "satantango", "the-pianist", "lawrence-of-arabia", "love-exposure", "before-sunrise", "scenes-from-a-marriage", "the-seventh-seal", "mirror", "everything-everywhere-all-at-once", "nights-of-cabiria", "three-colours-red", "city-lights", "inglourious-basterds", "a-man-escaped", "m", "the-silence-of-the-lambs", "psycho", "i-am-cuba", "no-country-for-old-men", "wild-strawberries", "all-about-eve", "the-400-blows", "where-is-the-friends-house", "2001-a-space-odyssey", "eternity-and-a-day", "saving-private-ryan", "marcel-the-shell-with-shoes-on-2021", "sweet-smell-of-success", "citizen-kane", "winter-light", "opening-night", "magnolia", "cure", "boogie-nights", "the-tale-of-the-princess-kaguya", "farewell-my-concubine", "life-and-nothing-more", "umberto-d", "dead-poets-society", "the-man-who-shot-liberty-valance", "secrets-lies", "the-bridge-on-the-river-kwai", "happy-together-1997", "underground-1995", "the-prestige", "the-cremator", "the-disappearance-of-haruhi-suzumiya", "once-upon-a-time-in-america", "your-name", "make-way-for-tomorrow", "a-matter-of-life-and-death", "the-lion-king", "samurai-rebellion", "napoleon", "mary-and-max", "ritual-2000", "4-months-3-weeks-and-2-days", "sorcerer", "millennium-actress", "amour", "moonlight-2016", "fallen-angels", "back-to-the-future", "rosemarys-baby", "sunrise-a-song-of-two-humans", "full-metal-jacket", "the-big-city", "an-autumn-afternoon", "cleo-from-5-to-7", "the-life-and-death-of-colonel-blimp", "the-truman-show", "kizumonogatari-part-3-reiketsu", "aparajito", "judgment-at-nuremberg", "the-green-mile", "late-spring", "se7en", "oppenheimer-2023", "bicycle-thieves", "singin-in-the-rain", "mommy-2014", "ordet", "army-of-shadows", "witness-for-the-prosecution-1957", "amadeus", "life-is-beautiful", "apur-sansar", "dr-strangelove-or-how-i-learned-to-stop-worrying-and-love-the-bomb", "dog-day-afternoon", "yojimbo", "children-of-men", "chungking-express", "an-elephant-sitting-still", "8-half", "nobody-knows", "paper-moon", "still-walking", "howls-moving-castle", "the-wages-of-fear", "taste-of-cherry", "the-great-dictator", "interstellar", "past-lives", "brief-encounter", "wings-of-desire", "shoplifters", "werckmeister-harmonies", "the-hunt-2012", "chinatown", "landscape-in-the-mist", "the-father-2020", "the-departed", "pather-panchali", "alien", "all-that-jazz", "tampopo", "red-beard", "the-sacrifice", "the-young-girls-of-rochefort", "casablanca", "funeral-parade-of-roses", "modern-times", "prisoners", "pulp-fiction", "to-be-or-not-to-be", "fight-club", "terminator-2-judgment-day", "z", "the-third-man", "the-night-of-the-hunter", "la-dolce-vita", "good-will-hunting", "bottoms", "war-and-peace-1965", "the-treasure-of-the-sierra-madre", "raise-the-red-lantern", "akira", "double-indemnity", "heat-1995", "the-lives-of-others", "das-boot", "network", "metropolis", "throne-of-blood", "fantastic-mr-fox", "the-shining", "raging-bull", "mulholland-drive", "the-celebration", "the-grand-budapest-hotel", "the-best-of-youth", "le-samourai", "rocco-and-his-brothers", "django-unchained", "solaris", "jeanne-dielman-23-quai-du-commerce-1080-bruxelles", "aftersun", "ugetsu", "vertigo", "a-special-day", "eternal-sunshine-of-the-spotless-mind", "evangelion-3010-thrice-upon-a-time", "la-notte", "nostalgia-1983", "ace-in-the-hole", "rashomon", "fargo", "the-king-of-comedy", "the-iron-giant", "some-like-it-hot", "children-of-paradise", "whos-afraid-of-virginia-woolf", "rififi", "the-elephant-man", "eureka-2000"], "isStats": true, "num": 250, "order": 1}, {"_id": "jake_ziegler/list/academy-award-winners-for-best-picture", "name": "Oscar Best Picture Winners", "uris": ["wings", "the-broadway-melody", "all-quiet-on-the-western-front", "cimarron", "grand-hotel", "cavalcade", "it-happened-one-night", "mutiny-on-the-bounty", "the-great-ziegfeld", "the-life-of-emile-zola", "you-cant-take-it-with-you", "gone-with-the-wind", "rebecca", "how-green-was-my-valley", "mrs-miniver", "casablanca", "going-my-way", "the-lost-weekend", "the-best-years-of-our-lives", "gentlemans-agreement", "hamlet", "all-the-kings-men", "all-about-eve", "an-american-in-paris", "the-greatest-show-on-earth", "from-here-to-eternity", "on-the-waterfront", "marty", "around-the-world-in-eighty-days", "the-bridge-on-the-river-kwai", "gigi", "ben-hur-1959", "the-apartment", "west-side-story", "lawrence-of-arabia", "tom-jones", "my-fair-lady", "the-sound-of-music", "a-man-for-all-seasons", "in-the-heat-of-the-night", "oliver", "midnight-cowboy", "patton", "the-french-connection", "the-godfather", "the-sting", "the-godfather-part-ii", "one-flew-over-the-cuckoos-nest", "rocky", "annie-hall", "the-deer-hunter", "kramer-vs-kramer", "ordinary-people", "chariots-of-fire", "gandhi", "terms-of-endearment", "amadeus", "out-of-africa", "platoon", "the-last-emperor", "rain-man", "driving-miss-daisy", "dances-with-wolves", "the-silence-of-the-lambs", "unforgiven", "schindlers-list", "forrest-gump", "braveheart", "the-english-patient", "titanic-1997", "shakespeare-in-love", "american-beauty", "gladiator-2000", "a-beautiful-mind", "chicago", "the-lord-of-the-rings-the-return-of-the-king", "million-dollar-baby", "crash-2004", "the-departed", "no-country-for-old-men", "slumdog-millionaire", "the-hurt-locker", "the-kings-speech", "the-artist", "argo", "12-years-a-slave", "birdman-or-the-unexpected-virtue-of-ignorance", "spotlight", "moonlight-2016", "the-shape-of-water", "green-book", "parasite-2019", "nomadland", "coda-2021", "everything-everywhere-all-at-once"], "isStats": true, "num": 95, "order": 3}, {"_id": "dave/list/imdb-top-250", "name": "IMDb Top 250", "uris": ["mr-smith-goes-to-washington", "monsters-inc", "how-to-train-your-dragon", "jaws", "mary-and-max", "the-seventh-seal", "room-2015", "the-big-lebowski", "ford-v-ferrari", "tokyo-story", "ratatouille", "rocky", "hotel-rwanda", "the-passion-of-joan-of-arc", "logan-2017", "platoon", "spotlight", "the-terminator", "jai-bhim", "before-sunset", "rush-2013", "network", "stand-by-me", "the-best-years-of-our-lives", "the-wizard-of-oz-1939", "la-haine", "into-the-wild", "the-exorcist", "pirates-of-the-caribbean-the-curse-of-the-black-pearl", "the-incredibles", "to-be-or-not-to-be", "groundhog-day", "the-grapes-of-wrath", "hachi-a-dogs-tale", "my-father-and-my-son", "the-battle-of-algiers", "the-handmaiden", "amores-perros", "rebecca", "cool-hand-luke", "the-sound-of-music", "pather-panchali", "it-happened-one-night", "the-iron-giant", "the-400-blows", "the-help", "persona", "life-of-brian", "aladdin", "dances-with-wolves", "the-shawshank-redemption", "the-godfather", "the-dark-knight", "the-godfather-part-ii", "12-angry-men", "schindlers-list", "the-lord-of-the-rings-the-return-of-the-king", "pulp-fiction", "the-lord-of-the-rings-the-fellowship-of-the-ring", "the-good-the-bad-and-the-ugly", "forrest-gump", "fight-club", "the-lord-of-the-rings-the-two-towers", "inception", "the-empire-strikes-back", "the-matrix", "goodfellas", "spider-man-across-the-spider-verse", "one-flew-over-the-cuckoos-nest", "se7en", "its-a-wonderful-life", "seven-samurai", "the-silence-of-the-lambs", "interstellar", "saving-private-ryan", "city-of-god", "life-is-beautiful", "the-green-mile", "star-wars", "terminator-2-judgment-day", "back-to-the-future", "spirited-away", "the-pianist", "psycho", "parasite-2019", "gladiator-2000", "the-lion-king", "leon-the-professional", "oppenheimer-2023", "american-history-x", "the-departed", "whiplash-2014", "the-prestige", "the-usual-suspects", "grave-of-the-fireflies", "casablanca", "harakiri", "the-intouchables", "modern-times", "cinema-paradiso", "once-upon-a-time-in-the-west", "rear-window", "alien", "city-lights", "apocalypse-now", "memento", "django-unchained", "raiders-of-the-lost-ark", "walle", "the-lives-of-others", "sunset-boulevard", "paths-of-glory", "avengers-infinity-war", "the-shining", "the-great-dictator", "witness-for-the-prosecution-1957", "spider-man-into-the-spider-verse", "aliens", "american-beauty", "the-dark-knight-rises", "inglourious-basterds", "dr-strangelove-or-how-i-learned-to-stop-worrying-and-love-the-bomb", "oldboy", "coco-2017", "amadeus", "toy-story", "das-boot", "braveheart", "joker-2019", "avengers-endgame", "princess-mononoke", "good-will-hunting", "once-upon-a-time-in-america", "your-name", "3-idiots", "high-and-low", "singin-in-the-rain", "requiem-for-a-dream", "capernaum", "toy-story-3", "come-and-see", "return-of-the-jedi", "eternal-sunshine-of-the-spotless-mind", "2001-a-space-odyssey", "the-hunt-2012", "reservoir-dogs", "ikiru", "lawrence-of-arabia", "citizen-kane", "m", "north-by-northwest", "the-apartment", "vertigo", "double-indemnity", "amelie", "scarface-1983", "full-metal-jacket", "a-clockwork-orange", "incendies", "hamilton-2020", "heat-1995", "up", "to-kill-a-mockingbird", "the-sting", "a-separation", "indiana-jones-and-the-last-crusade", "metropolis", "die-hard", "la-confidential", "bicycle-thieves", "snatch", "like-stars-on-earth", "taxi-driver", "1917", "downfall", "dangal", "top-gun-maverick", "for-a-few-dollars-more", "batman-begins", "some-like-it-hot", "the-kid", "the-wolf-of-wall-street", "the-father-2020", "green-book", "all-about-eve", "judgment-at-nuremberg", "the-truman-show", "there-will-be-blood", "casino", "ran", "shutter-island", "pans-labyrinth", "the-sixth-sense", "unforgiven", "jurassic-park", "a-beautiful-mind", "the-treasure-of-the-sierra-madre", "yojimbo", "no-country-for-old-men", "monty-python-and-the-holy-grail", "kill-bill-vol-1", "the-great-escape", "the-thing", "rashomon", "finding-nemo", "the-elephant-man", "chinatown", "spider-man-no-way-home", "gone-with-the-wind", "v-for-vendetta", "dial-m-for-murder", "howls-moving-castle", "raging-bull", "lock-stock-and-two-smoking-barrels", "the-secret-in-their-eyes", "inside-out-2015", "prisoners", "three-billboards-outside-ebbing-missouri", "the-bridge-on-the-river-kwai", "trainspotting", "fargo", "warrior", "gran-torino", "catch-me-if-you-can-2002", "my-neighbor-totoro", "million-dollar-baby", "klaus", "harry-potter-and-the-deathly-hallows-part-2", "children-of-heaven", "blade-runner", "12-years-a-slave", "before-sunrise", "the-gold-rush", "the-grand-budapest-hotel", "ben-hur-1959", "gone-girl", "on-the-waterfront", "barry-lyndon", "hacksaw-ridge", "in-the-name-of-the-father-1993", "the-general", "the-deer-hunter", "memories-of-murder", "wild-strawberries", "the-wages-of-fear", "the-third-man", "wild-tales", "sherlock-jr", "mad-max-fury-road", "dead-poets-society"], "isStats": true, "num": 250, "order": 2}, {"_id": "matthew/list/box-office-mojo-all-time-worldwide", "name": "Box Office Mojo All Time 100", "uris": ["avatar", "avengers-endgame", "avatar-the-way-of-water", "titanic-1997", "star-wars-the-force-awakens", "avengers-infinity-war", "spider-man-no-way-home", "jurassic-world", "the-lion-king-2019", "the-avengers-2012", "furious-7", "top-gun-maverick", "frozen-2", "avengers-age-of-ultron", "the-super-mario-bros-movie", "black-panther", "barbie", "harry-potter-and-the-deathly-hallows-part-2", "star-wars-the-last-jedi", "jurassic-world-fallen-kingdom", "frozen-2013", "beauty-and-the-beast-2017", "incredibles-2", "the-fate-of-the-furious", "iron-man-3", "minions", "captain-america-civil-war", "aquaman-2018", "the-lord-of-the-rings-the-return-of-the-king", "skyfall", "spider-man-far-from-home", "captain-marvel", "transformers-dark-of-the-moon", "jurassic-park", "transformers-age-of-extinction", "the-dark-knight-rises", "star-wars-the-rise-of-skywalker", "joker-2019", "toy-story-4", "toy-story-3", "pirates-of-the-caribbean-dead-mans-chest", "rogue-one-a-star-wars-story", "aladdin-2019", "pirates-of-the-caribbean-on-stranger-tides", "despicable-me-3", "finding-dory", "star-wars-episode-i-the-phantom-menace", "zootopia", "alice-in-wonderland-2010", "harry-potter-and-the-philosophers-stone", "the-hobbit-an-unexpected-journey", "the-dark-knight", "jurassic-world-dominion", "jumanji-welcome-to-the-jungle", "harry-potter-and-the-deathly-hallows-part-1", "despicable-me-2", "the-lion-king", "the-jungle-book-2016", "the-hobbit-the-battle-of-the-five-armies", "pirates-of-the-caribbean-at-worlds-end", "the-hobbit-the-desolation-of-smaug", "doctor-strange-in-the-multiverse-of-madness", "the-lord-of-the-rings-the-two-towers", "harry-potter-and-the-order-of-the-phoenix", "finding-nemo", "minions-the-rise-of-gru", "harry-potter-and-the-half-blood-prince", "shrek-2", "harry-potter-and-the-chamber-of-secrets", "bohemian-rhapsody", "the-battle-at-lake-changjin", "the-lord-of-the-rings-the-fellowship-of-the-ring", "harry-potter-and-the-goblet-of-fire", "spider-man-3", "the-secret-life-of-pets", "ice-age-dawn-of-the-dinosaurs", "spectre-2015", "spider-man-homecoming", "ice-age-continental-drift", "batman-v-superman-dawn-of-justice", "inception", "wolf-warrior-2", "star-wars-episode-iii-revenge-of-the-sith", "the-hunger-games-catching-fire", "guardians-of-the-galaxy-vol-2", "black-panther-wakanda-forever", "inside-out-2015", "venom-2018", "thor-ragnarok", "the-twilight-saga-breaking-dawn-part-2", "guardians-of-the-galaxy-vol-3", "transformers-revenge-of-the-fallen", "spider-man", "wonder-woman-2017", "hi-mom-2021", "independence-day", "coco-2017", "fantastic-beasts-and-where-to-find-them", "shrek-the-third", "jumanji-the-next-level"], "isStats": true, "num": 100, "order": 5}, {"_id": "moseschan/list/afi-100-years-100-movies", "name": "AFI 100 Years 100 Movies", "uris": ["citizen-kane", "the-godfather", "casablanca", "raging-bull", "singin-in-the-rain", "gone-with-the-wind", "lawrence-of-arabia", "schindlers-list", "vertigo", "the-wizard-of-oz-1939", "city-lights", "the-searchers", "star-wars", "psycho", "2001-a-space-odyssey", "sunset-boulevard", "the-graduate", "the-general", "on-the-waterfront", "its-a-wonderful-life", "chinatown", "some-like-it-hot", "the-grapes-of-wrath", "et-the-extra-terrestrial", "to-kill-a-mockingbird", "mr-smith-goes-to-washington", "high-noon", "all-about-eve", "double-indemnity", "apocalypse-now", "the-maltese-falcon-1941", "the-godfather-part-ii", "one-flew-over-the-cuckoos-nest", "snow-white-and-the-seven-dwarfs", "annie-hall", "the-bridge-on-the-river-kwai", "the-best-years-of-our-lives", "the-treasure-of-the-sierra-madre", "dr-strangelove-or-how-i-learned-to-stop-worrying-and-love-the-bomb", "the-sound-of-music", "king-kong", "bonnie-and-clyde", "midnight-cowboy", "the-philadelphia-story", "shane", "it-happened-one-night", "a-streetcar-named-desire", "rear-window", "intolerance-loves-struggle-throughout-the-ages", "the-lord-of-the-rings-the-fellowship-of-the-ring", "west-side-story", "taxi-driver", "the-deer-hunter", "mash", "north-by-northwest", "jaws", "rocky", "the-gold-rush", "nashville", "duck-soup-1933", "sullivans-travels", "american-graffiti", "cabaret", "network", "the-african-queen", "raiders-of-the-lost-ark", "whos-afraid-of-virginia-woolf", "unforgiven", "tootsie", "a-clockwork-orange", "saving-private-ryan", "the-shawshank-redemption", "butch-cassidy-and-the-sundance-kid", "the-silence-of-the-lambs", "in-the-heat-of-the-night", "forrest-gump", "all-the-presidents-men", "modern-times", "the-wild-bunch", "the-apartment", "spartacus", "sunrise-a-song-of-two-humans", "titanic-1997", "easy-rider", "a-night-at-the-opera", "platoon", "12-angry-men", "bringing-up-baby", "the-sixth-sense", "swing-time", "sophies-choice", "goodfellas", "the-french-connection", "pulp-fiction", "the-last-picture-show", "do-the-right-thing", "blade-runner", "yankee-doodle-dandy", "toy-story", "ben-hur-1959"], "isStats": true, "num": 100, "order": 6}, {"_id": "crew/list/edgar-wrights-1000-favorite-movies", "name": "Edgar Wright\u2019s 1,000 Favorites", "uris": ["the-cabinet-of-dr-caligari-1920", "nosferatu", "safety-last", "sherlock-jr", "the-gold-rush", "faust-1926", "the-general", "metropolis", "sunrise-a-song-of-two-humans", "the-lodger-a-story-of-the-london-fog", "steamboat-bill-jr", "the-passion-of-joan-of-arc", "underground", "blackmail", "un-chien-andalou", "animal-crackers", "lage-dor", "morocco", "people-on-sunday", "city-lights", "dracula", "frankenstein-1931", "little-caesar", "m", "monkey-business", "the-public-enemy", "freaks", "island-of-lost-souls", "love-me-tonight", "scarface", "the-mummy", "the-music-box", "the-old-dark-house", "42nd-street", "duck-soup-1933", "footlight-parade", "gold-diggers-of-1933", "king-kong", "sons-of-the-desert", "the-invisible-man", "the-testament-of-dr-mabuse", "dames", "the-man-who-knew-too-much", "the-merry-widow-1934", "the-scarlet-empress", "the-thin-man", "twentieth-century", "a-night-at-the-opera", "the-bride-of-frankenstein", "top-hat", "modern-times", "sabotage", "the-awful-truth", "you-only-live-once", "angels-with-dirty-faces", "block-heads", "the-adventures-of-robin-hood", "the-lady-vanishes", "you-and-me", "the-hunchback-of-notre-dame-1939", "the-roaring-twenties", "the-wizard-of-oz-1939", "dance-girl-dance", "foreign-correspondent", "his-girl-friday", "the-bank-dick", "the-grapes-of-wrath", "the-thief-of-bagdad-1940", "49th-parallel", "citizen-kane", "sullivans-travels", "suspicion", "the-maltese-falcon-1941", "cat-people", "mrs-miniver", "road-to-morocco", "saboteur", "to-be-or-not-to-be", "went-the-day-well", "i-walked-with-a-zombie", "shadow-of-a-doubt", "the-life-and-death-of-colonel-blimp", "arsenic-and-old-lace", "double-indemnity", "lifeboat", "murder-my-sweet", "brief-encounter", "dead-of-night", "detour", "i-know-where-im-going", "rome-open-city", "the-lost-weekend", "a-matter-of-life-and-death", "beauty-and-the-beast", "green-for-danger", "notorious", "paisan", "the-big-sleep", "the-killers", "black-narcissus", "a-simple-plan", "buffalo-66", "the-celebration", "happiness", "i-stand-alone", "last-night", "out-of-sight", "pi", "ringu", "run-lola-run", "rushmore", "show-me-love", "theres-something-about-mary", "all-about-my-mother", "american-movie", "audition", "being-john-malkovich", "election", "magnolia", "office-space", "south-park-bigger-longer-uncut", "the-insider", "the-limey", "the-matrix", "the-sixth-sense", "the-straight-story", "the-virgin-suicides", "three-kings", "wild-zero", "amores-perros", "battle-royale", "best-in-show", "crouching-tiger-hidden-dragon", "in-the-mood-for-love", "joint-security-area", "memento", "requiem-for-a-dream", "sexy-beast", "songs-from-the-second-floor", "the-filth-and-the-fury", "together-2000", "amelie", "donnie-darko", "frailty", "mulholland-drive", "oceans-eleven-2001", "shaolin-soccer", "spirited-away", "the-devils-backbone", "the-lord-of-the-rings-the-fellowship-of-the-ring", "the-piano-teacher", "the-royal-tenenbaums", "y-tu-mama-tambien", "adaptation", "city-of-god", "hero-2002", "infernal-affairs", "irreversible", "spider", "sympathy-for-mr-vengeance", "good-bye-lenin", "lost-in-translation", "memories-of-murder", "oldboy", "school-of-rock", "anchorman-the-legend-of-ron-burgundy", "before-sunset", "dead-mans-shoes", "eternal-sunshine-of-the-spotless-mind", "man-on-fire-2004", "napoleon-dynamite", "sideways", "spider-man-2", "team-america-world-police", "vera-drake", "a-history-of-violence", "brick", "brokeback-mountain", "cache", "apocalypto", "casino-royale-2006", "children-of-men", "pans-labyrinth", "the-host", "united-93", "rec", "4-months-3-weeks-and-2-days", "control-2007", "no-country-for-old-men", "persepolis", "superbad", "the-king-of-kong-a-fistful-of-quarters", "there-will-be-blood", "timecrimes", "you-the-living", "zodiac", "happy-go-lucky", "let-the-right-one-in", "man-on-wire", "synecdoche-new-york", "whats-opera-doc", "wild-strawberries", "a-night-to-remember", "ashes-and-diamonds", "big-deal-on-madonna-street", "dracula-1958", "ice-cold-in-alex", "elevator-to-the-gallows", "mon-oncle", "the-7th-voyage-of-sinbad", "the-hidden-fortress", "the-music-room", "touch-of-evil", "vertigo", "a-bucket-of-blood", "ben-hur-1959", "horrors-of-the-black-museum", "imitation-of-life-1959", "north-by-northwest", "odds-against-tomorrow", "rio-bravo", "sapphire", "some-like-it-hot", "the-400-blows", "apur-sansar", "beat-girl", "black-sunday-1960", "breathless", "eyes-without-a-face", "la-dolce-vita", "peeping-tom", "psycho", "rocco-and-his-brothers", "saturday-night-and-sunday-morning", "shoot-the-piano-player", "spartacus", "the-apartment", "the-bad-sleep-well", "the-league-of-gentlemen", "the-running-jumping-standing-still-film", "the-virgin-spring", "village-of-the-damned", "zazie-dans-le-metro", "a-taste-of-honey", "la-notte", "last-year-at-marienbad", "lola", "the-day-the-earth-caught-fire", "the-guns-of-navarone", "the-hustler", "the-innocents", "victim", "viridiana", "west-side-story", "whistle-down-the-wind", "yojimbo", "carnival-of-souls", "cleo-from-5-to-7", "jules-and-jim", "knife-in-the-water", "leclisse", "il-sorpasso", "the-exterminating-angel", "the-loneliness-of-the-long-distance-runner", "the-man-who-shot-liberty-valance", "the-manchurian-candidate", "vivre-sa-vie", "what-ever-happened-to-baby-jane", "8-half", "billy-liar", "black-sabbath", "charade", "from-russia-with-love", "high-and-low", "jason-and-the-argonauts", "shock-corridor", "the-birds", "the-great-escape", "the-haunting", "the-servant", "the-small-world-of-sammy-lee", "a-fistful-of-dollars", "a-hard-days-night", "a-shot-in-the-dark", "band-of-outsiders", "blood-and-black-lace", "dr-strangelove-or-how-i-learned-to-stop-worrying-and-love-the-bomb", "goldfinger", "i-am-cuba", "onibaba", "red-desert", "seance-on-a-wet-afternoon", "the-masque-of-the-red-death", "the-naked-kiss", "the-pawnbroker", "the-train", "the-umbrellas-of-cherbourg", "topkapi", "woman-in-the-dunes", "zulu", "bunny-lake-is-missing", "darling", "faster-pussycat-kill-kill", "for-a-few-dollars-more", "juliet-of-the-spirits", "planet-of-the-vampires", "repulsion", "simon-of-the-desert", "the-10th-victim", "the-collector", "the-hill", "the-ipcress-file", "the-knack-and-how-to-get-it", "andrei-rublev", "batman-1966", "blow-up", "closely-watched-trains", "cul-de-sac", "daisies", "fantastic-voyage", "gambit", "kill-baby-kill", "persona", "seconds", "the-good-the-bad-and-the-ugly", "the-war-game", "tokyo-drifter", "belle-de-jour", "bonnie-and-clyde", "cool-hand-luke", "in-the-heat-of-the-night", "le-samourai", "playtime", "point-blank", "poor-cow", "privilege", "quatermass-and-the-pit", "robbery", "the-dirty-dozen", "the-firemens-ball", "the-graduate", "the-presidents-analyst", "the-producers", "the-young-girls-of-rochefort", "two-for-the-road", "viy", "weekend-1967", "2001-a-space-odyssey", "bullitt", "coogans-bluff", "danger-diabolik", "dark-of-the-sun", "head", "if", "night-of-the-living-dead", "once-upon-a-time-in-the-west", "planet-of-the-apes", "pretty-poison", "rosemarys-baby", "spirits-of-the-dead", "the-boston-strangler", "the-devil-rides-out", "the-great-silence", "the-swimmer", "the-thomas-crown-affair", "where-eagles-dare", "wild-in-the-streets", "witchfinder-general", "yellow-submarine", "army-of-shadows", "bob-carol-ted-alice", "butch-cassidy-and-the-sundance-kid", "easy-rider", "frankenstein-must-be-destroyed", "i-start-counting", "kes", "last-summer", "midnight-cowboy", "sweet-charity", "take-the-money-and-run", "the-bed-sitting-room", "the-house-that-screamed", "the-italian-job", "the-wild-bunch", "what-ever-happened-to-aunt-alice", "beyond-the-valley-of-the-dolls", "catch-22", "deep-end", "diary-of-a-mad-housewife", "el-topo", "five-easy-pieces", "mumsy-nanny-sonny-girly", "hatchet-for-the-honeymoon", "little-big-man", "mash", "performance", "the-bird-with-the-crystal-plumage", "the-butcher-1970", "the-conformist", "wheres-poppa", "the-sugarland-express", "the-super-cops", "the-taking-of-pelham-one-two-three", "the-texas-chain-saw-massacre", "thunderbolt-and-lightfoot", "young-frankenstein", "barry-lyndon", "deep-red", "dog-day-afternoon", "jaws", "love-and-death", "monty-python-and-the-holy-grail", "one-flew-over-the-cuckoos-nest", "picnic-at-hanging-rock", "the-stepford-wives", "all-the-presidents-men", "assault-on-precinct-13", "bugsy-malone", "carrie-1976", "kings-of-the-road", "marathon-man", "network", "nuts-in-may", "taxi-driver", "the-omen", "the-tenant", "who-can-kill-a-child", "3-women", "annie-hall", "apaches-1977", "capricorn-one", "close-encounters-of-the-third-kind", "eraserhead", "jabberwocky", "martin", "rolling-thunder", "sorcerer", "star-wars", "suspiria", "that-obscure-object-of-desire", "the-duellists", "the-spy-who-loved-me", "coma", "dawn-of-the-dead", "days-of-heaven", "grease", "halloween-1978", "invasion-of-the-body-snatchers-1978", "long-weekend", "animal-house", "piranha", "straight-time", "superman", "the-36th-chamber-of-shaolin", "the-deer-hunter", "the-driver", "the-fury", "the-silent-partner", "watership-down", "10", "alien", "all-that-jazz", "apocalypse-now", "being-there", "mad-max", "manhattan", "life-of-brian", "scum", "the-black-hole", "the-brood", "the-jerk", "the-wanderers", "the-warriors", "airplane", "dressed-to-kill-1980", "flash-gordon-1980", "gregorys-girl", "raging-bull", "the-empire-strikes-back", "superman-ii", "the-blues-brothers", "the-changeling", "the-elephant-man", "the-fog", "the-long-good-friday", "the-ninth-configuration", "the-shining", "the-stunt-man", "an-american-werewolf-in-london", "blow-out", "body-heat", "cutters-way", "diva", "escape-from-new-york", "looker", "mad-max-2", "modern-romance", "ms-45", "raiders-of-the-lost-ark", "roadgames", "the-dark-knight", "the-ruins", "the-wrestler", "a-prophet", "a-serious-man", "coraline", "district-9", "enter-the-void", "fish-tank", "henri-georges-clouzots-inferno", "inglourious-basterds", "moon", "worlds-greatest-dad", "black-swan", "certified-copy", "four-lions", "inception", "senna", "the-arbor", "the-social-network", "beyond-the-black-rainbow", "dreams-of-a-life", "kill-bill-the-whole-bloody-affair", "michael", "midnight-in-paris", "miss-bala", "the-cabin-in-the-woods", "the-raid-2011", "the-skin-i-live-in", "tyrannosaur", "compliance", "django-unchained", "frances-ha", "holy-motors", "looper", "moonrise-kingdom", "skyfall", "the-hunt-2012", "her", "ida", "inside-llewyn-davis", "gravity-2013", "only-lovers-left-alive", "snowpiercer", "the-wolf-of-wall-street", "under-the-skin-2013", "a-pigeon-sat-on-a-branch-reflecting-on-existence", "birdman-or-the-unexpected-virtue-of-ignorance", "boyhood", "ex-machina-2015", "interstellar", "it-follows", "nightcrawler", "the-duke-of-burgundy", "the-grand-budapest-hotel", "what-we-do-in-the-shadows", "whiplash-2014", "wild-tales", "45-years", "anomalisa", "carol-2015", "inside-out-2015", "mad-max-fury-road", "the-gift-2015-1", "the-lobster", "the-witch-2015", "victoria-2015", "arrival-2016", "hell-or-high-water", "paterson", "popstar-never-stop-never-stopping", "raw-2016", "the-autopsy-of-jane-doe", "the-handmaiden", "train-to-busan", "beast-2017", "call-me-by-your-name", "dunkirk-2017", "faces-places", "get-out-2017", "on-body-and-soul", "the-shape-of-water", "burning-2018", "cold-war-2018", "eighth-grade", "hereditary", "mandy-2018", "mission-impossible-fallout", "they-shall-not-grow-old", "1917", "once-upon-a-time-in-hollywood", "parasite-2019", "saint-maud", "quo-vadis-aida", "riders-of-justice", "happening", "mass-2021", "playground-2021", "the-worst-person-in-the-world", "everything-everywhere-all-at-once", "out-of-the-past", "crossfire", "it-always-rains-on-sunday", "nightmare-alley", "odd-man-out", "they-made-me-a-fugitive", "bicycle-thieves", "brighton-rock", "letter-from-an-unknown-woman", "oliver-twist-1948", "portrait-of-jennie", "rope", "the-fallen-idol", "the-red-shoes", "the-treasure-of-the-sierra-madre", "they-live-by-night", "caught", "criss-cross", "doa", "jour-de-fete", "kind-hearts-and-coronets", "late-spring", "the-queen-of-spades", "the-third-man", "white-heat", "all-about-eve", "gun-crazy", "in-a-lonely-place", "la-ronde", "the-young-and-the-damned", "rashomon", "sunset-boulevard", "the-asphalt-jungle", "the-breaking-point", "a-place-in-the-sun", "ace-in-the-hole", "an-american-in-paris", "pool-of-london", "strangers-on-a-train", "high-noon", "ikiru", "le-plaisir", "singin-in-the-rain", "stolen-face", "umberto-d", "duck-amuck", "glen-or-glenda", "house-of-wax", "invaders-from-mars", "monsieur-hulots-holiday", "summer-with-monika", "the-band-wagon", "the-big-heat", "the-earrings-of-madame-de", "the-naked-spur", "the-wages-of-fear", "godzilla", "la-strada", "magnificent-obsession-1954", "rear-window", "sansho-the-bailiff", "seven-samurai", "them", "all-that-heaven-allows", "bad-day-at-black-rock", "blackboard-jungle", "diabolique-1955", "its-always-fair-weather", "kiss-me-deadly", "ordet", "rebel-without-a-cause", "rififi", "the-big-combo", "the-court-jester", "the-ladykillers", "the-night-of-the-hunter", "the-quatermass-xperiment", "bigger-than-life", "forbidden-planet", "invasion-of-the-body-snatchers", "the-bad-seed", "the-killing", "the-searchers", "the-wrong-man", "written-on-the-wind", "12-angry-men", "a-face-in-the-crowd", "hell-drivers", "kanal-1957", "night-of-the-demon", "nights-of-cabiria", "paths-of-glory", "quatermass-2", "sweet-smell-of-success", "the-bridge-on-the-river-kwai", "the-cranes-are-flying", "the-curse-of-frankenstein", "the-incredible-shrinking-man", "the-seventh-seal", "throne-of-blood", "the-decline-of-western-civilization-part-ii-the-metal-years", "the-naked-gun-from-the-files-of-police-squad", "the-vanishing", "virile-games", "crimes-and-misdemeanors", "do-the-right-thing", "drugstore-cowboy", "santa-sangre", "sex-lies-and-videotape", "the-cook-the-thief-his-wife-her-lover", "the-killer", "arachnophobia", "goodfellas", "gremlins-2-the-new-batch", "life-is-sweet", "miami-blues", "millers-crossing", "misery", "tremors", "trust", "wild-at-heart", "barton-fink", "cape-fear-1991", "delicatessen", "jfk", "la-story", "point-break", "riki-oh-the-story-of-ricky", "terminator-2-judgment-day", "the-last-boy-scout", "the-people-under-the-stairs", "the-silence-of-the-lambs", "bad-lieutenant", "braindead-1992", "deep-cover", "el-mariachi", "glengarry-glen-ross", "hard-boiled", "man-bites-dog", "one-false-move", "raising-cain", "reservoir-dogs", "the-player", "twin-peaks-fire-walk-with-me", "unforgiven", "i-love-a-man-in-uniform", "bad-boy-bubby", "carlitos-way", "cronos", "dazed-and-confused", "groundhog-day", "jurassic-park", "naked", "suture", "the-piano", "the-wrong-trousers", "three-colours-blue", "true-romance", "chungking-express", "clerks", "ed-wood", "fist-of-legend", "heavenly-creatures", "leon-the-professional", "once-were-warriors", "pulp-fiction", "the-last-seduction", "the-legend-of-drunken-master", "the-shawshank-redemption", "three-colours-red", "three-colours-white", "before-sunrise", "heat-1995", "la-haine", "se7en", "the-quick-and-the-dead-1995", "the-usual-suspects", "big-night", "bottle-rocket-1996", "bound", "breaking-the-waves", "citizen-ruth", "desperado", "fargo", "freeway", "romeo-juliet-1996", "scream", "swingers", "trainspotting", "waiting-for-guffman", "boogie-nights", "cube", "funny-games", "grosse-pointe-blank", "jackie-brown", "la-confidential", "lost-highway", "starship-troopers", "taste-of-cherry", "the-ice-storm", "zabriskie-point", "10-rillington-place", "a-bay-of-blood", "a-clockwork-orange", "a-new-leaf", "a-touch-of-zen", "bananas", "daughters-of-darkness", "dirty-harry", "duel", "four-flies-on-grey-velvet", "get-carter", "harold-and-maude", "klute", "little-murders", "melody", "play-misty-for-me", "straw-dogs", "taking-off", "the-abominable-dr-phibes", "the-anderson-tapes", "the-andromeda-strain", "the-beguiled", "the-boy-friend", "the-devils", "the-french-connection", "the-last-picture-show", "thx-1138", "two-lane-blacktop", "vanishing-point", "wake-in-fright", "walkabout", "aguirre-the-wrath-of-god", "asylum", "cabaret", "deliverance", "five-fingers-of-death", "frenzy", "play-it-again-sam", "prime-cut", "death-line", "silent-running", "tales-from-the-crypt", "the-discreet-charm-of-the-bourgeoisie", "the-getaway", "the-godfather", "the-heartbreak-kid-1972", "the-hot-rock", "the-mechanic", "whats-up-doc-1972", "amarcord", "american-graffiti", "badlands", "charley-varrick", "coffy", "day-for-night", "dont-look-now", "electra-glide-in-blue", "flesh-for-frankenstein", "high-plains-drifter", "live-and-let-die", "mean-streets", "o-lucky-man", "paper-moon", "serpico", "sisters", "sleeper", "slither-1973", "the-asphyx", "the-exorcist", "the-holy-mountain", "the-last-detail", "the-last-of-sheila", "the-legend-of-hell-house", "the-long-goodbye", "the-spirit-of-the-beehive", "the-three-musketeers-1973", "the-wicker-man", "theatre-of-blood", "westworld", "white-lightning", "ali-fear-eats-the-soul", "alice-doesnt-live-here-anymore", "alice-in-the-cities", "blazing-saddles", "blood-for-dracula", "bring-me-the-head-of-alfredo-garcia", "chinatown", "dark-star", "dirty-mary-crazy-larry", "from-beyond-the-grave", "lenny", "the-living-dead-at-manchester-morgue", "phantom-of-the-paradise", "phase-iv", "scenes-from-a-marriage", "the-conversation", "the-godfather-part-ii", "the-parallax-view", "the-phantom-of-liberty", "southern-comfort", "the-evil-dead", "the-howling", "thief", "time-bandits", "48-hrs", "blade-runner", "creepshow", "et-the-extra-terrestrial", "fanny-and-alexander", "fitzcarraldo", "koyaanisqatsi", "poltergeist", "star-trek-ii-the-wrath-of-khan", "the-king-of-comedy", "the-thing", "the-verdict-1982", "the-world-according-to-garp", "tootsie", "vice-squad", "breathless-1983", "christine-1983", "local-hero", "project-a", "risky-business", "rumble-fish", "scarface-1983", "the-dead-zone", "the-man-with-two-brains", "trading-places", "a-nightmare-on-elm-street", "amadeus", "birdy", "blood-simple", "body-double", "ghostbusters", "gremlins", "indiana-jones-and-the-temple-of-doom", "meantime", "paris-texas", "repo-man", "stop-making-sense", "streets-of-fire", "the-company-of-wolves", "the-hit-1984", "the-terminator", "this-is-spinal-tap", "threads", "top-secret", "wheels-on-meals", "after-hours", "back-to-the-future", "brazil", "come-and-see", "day-of-the-dead", "into-the-night", "lost-in-america", "pee-wees-big-adventure", "ran", "re-animator", "the-purple-rose-of-cairo", "to-live-and-die-in-la", "witness", "a-better-tomorrow", "aliens", "blue-velvet", "down-by-law", "ferris-buellers-day-off", "hannah-and-her-sisters", "henry-portrait-of-a-serial-killer", "manhunter", "mona-lisa", "something-wild", "stand-by-me", "the-fly-1986", "a-better-tomorrow-ii", "a-chinese-ghost-story", "evil-dead-ii", "full-metal-jacket", "hellraiser", "house-of-games", "innerspace", "near-dark", "planes-trains-and-automobiles", "prick-up-your-ears", "raising-arizona", "robocop", "the-untouchables", "where-is-the-friends-house", "withnail-i", "a-fish-called-wanda", "akira", "beetlejuice", "dead-ringers", "die-hard", "dragons-forever", "hairspray", "heathers", "high-hopes", "midnight-run"], "isStats": true, "num": 1000, "order": 9}, {"_id": "gubarenko/list/1001-movies-you-must-see-before-you-die-2021", "name": "1,001 To See Before You Die", "uris": ["nomadland", "lovers-rock-2020", "never-rarely-sometimes-always", "soul-2020", "ma-raineys-black-bottom", "tenet", "saint-maud", "rocks-2019", "the-assistant-2019", "the-vast-of-night", "portrait-of-a-lady-on-fire", "for-sama", "booksmart", "once-upon-a-time-in-hollywood", "the-farewell-2019", "joker-2019", "parasite-2019", "little-women-2019", "the-lighthouse-2019", "blackkklansman", "roma-2018", "capernaum", "phantom-thread", "black-panther", "get-out-2017", "call-me-by-your-name", "lady-bird", "toni-erdmann", "moonlight-2016", "la-la-land", "mad-max-fury-road", "tangerine", "son-of-saul", "the-grand-budapest-hotel", "boyhood", "12-years-a-slave", "blue-is-the-warmest-color", "the-great-beauty", "gravity-2013", "the-cabin-in-the-woods", "the-artist", "the-social-network", "inception", "nostalgia-for-the-light", "avatar", "district-9", "let-the-right-one-in", "the-dark-knight", "the-hurt-locker", "there-will-be-blood", "paranormal-activity", "the-lives-of-others", "pans-labyrinth", "brokeback-mountain", "downfall", "moolaade", "head-on-2004", "osama", "good-bye-lenin", "oldboy", "aileen-life-and-death-of-a-serial-killer", "elephant-2003", "city-of-god", "bowling-for-columbine", "russian-ark", "spirited-away", "the-lord-of-the-rings-the-fellowship-of-the-ring", "crouching-tiger-hidden-dragon", "memento", "requiem-for-a-dream", "gladiator-2000", "in-the-mood-for-love", "the-gleaners-and-i", "the-matrix", "all-about-my-mother", "beau-travail", "audition", "fight-club", "the-sixth-sense", "being-john-malkovich", "the-blair-witch-project", "the-thin-red-line", "happiness", "ringu", "the-celebration", "rushmore", "run-lola-run", "saving-private-ryan", "taste-of-cherry", "titanic-1997", "the-sweet-hereafter", "open-your-eyes", "funny-games", "la-confidential", "boogie-nights", "fireworks-1997", "the-ice-storm", "independence-day", "breaking-the-waves", "lone-star-1996", "a-trip-to-the-moon", "a-man-escaped", "written-on-the-wind", "forbidden-planet", "the-burmese-harp", "the-searchers", "the-ten-commandments-1956", "all-that-heaven-allows", "bob-le-flambeur", "smiles-of-a-summer-night", "oklahoma", "the-ladykillers", "the-night-of-the-hunter", "guys-and-dolls", "kiss-me-deadly", "the-man-with-the-golden-arm", "the-phenix-city-story", "night-and-fog", "bad-day-at-black-rock", "hill-24-doesnt-answer", "the-mad-masters", "rebel-without-a-cause", "artists-and-models", "marty", "ordet", "pather-panchali", "lola-montes", "salt-of-the-earth", "johnny-guitar", "carmen-jones", "sansho-the-bailiff", "seven-samurai", "the-barefoot-contessa", "silver-lode", "senso", "rear-window", "a-star-is-born-1954", "diabolique-1955", "la-strada", "on-the-waterfront", "the-big-heat", "roman-holiday", "gentlemen-prefer-blondes", "shane", "journey-to-italy", "ugetsu", "from-here-to-eternity", "tokyo-story", "the-naked-spur", "the-bigamist", "the-wages-of-fear", "the-earrings-of-madame-de", "monsieur-hulots-holiday", "the-band-wagon", "pickup-on-south-street", "summer-with-monika", "the-golden-coach", "high-noon", "umberto-d", "ikiru", "the-bad-and-the-beautiful", "singin-in-the-rain", "europe-51", "forbidden-games-1952", "the-quiet-man", "the-day-the-earth-stood-still", "diary-of-a-country-priest", "the-lavender-hill-mob", "a-place-in-the-sun", "the-african-queen", "pandora-and-the-flying-dutchman", "an-american-in-paris", "a-streetcar-named-desire", "strangers-on-a-train", "ace-in-the-hole", "in-a-lonely-place", "the-young-and-the-damned", "sunset-boulevard", "rio-grande", "winchester-73", "all-about-eve", "rashomon", "the-asphalt-jungle", "orpheus", "on-the-town", "whisky-galore", "kind-hearts-and-coronets", "the-third-man", "the-heiress", "adams-rib", "white-heat", "the-reckless-moment", "gun-crazy", "louisiana-story", "the-treasure-of-the-sierra-madre", "the-red-shoes", "rope", "the-lady-from-shanghai", "the-snake-pit", "the-paleface-1948", "red-river", "the-cool-world", "blonde-cobra", "contempt", "shock-corridor", "barren-lives", "the-leopard", "hud", "the-house-is-black", "flaming-creatures", "the-servant", "passenger", "the-birds", "8-half", "what-ever-happened-to-baby-jane", "the-manchurian-candidate", "jules-and-jim", "the-exterminating-angel", "mondo-cane", "leclisse", "the-given-word", "to-kill-a-mockingbird", "lawrence-of-arabia", "no-12-heaven-and-earth-magic", "the-man-who-shot-liberty-valance", "lolita", "an-autumn-afternoon", "vivre-sa-vie", "prelude-dog-star-man", "cleo-from-5-to-7", "last-year-at-marienbad", "chronicle-of-a-summer", "through-a-glass-darkly", "the-ladies-man-1961", "the-hustler", "west-side-story", "la-notte", "the-exiles", "lola", "breakfast-at-tiffanys", "la-jetee", "viridiana", "splendor-in-the-grass", "black-sunday-1960", "peeping-tom", "shoot-the-piano-player", "psycho", "the-cloud-capped-star", "the-housemaid", "the-apartment", "spartacus", "breathless", "lavventura", "rocco-and-his-brothers", "le-trou", "la-dolce-vita", "saturday-night-and-sunday-morning", "eyes-without-a-face", "floating-weeds", "rio-bravo", "apur-sansar", "shadows-1959", "anatomy-of-a-murder", "ben-hur-1959", "black-orpheus", "ride-lonesome", "hiroshima-mon-amour", "pickpocket", "the-400-blows", "north-by-northwest", "some-like-it-hot", "some-came-running", "mon-oncle", "the-music-room", "cairo-station", "dracula-1958", "ashes-and-diamonds", "vertigo", "man-of-the-west", "the-defiant-ones", "gigi", "touch-of-evil", "mother-india", "sweet-smell-of-success", "the-bridge-on-the-river-kwai", "aparajito", "the-cranes-are-flying", "nights-of-cabiria", "gunfight-at-the-ok-corral", "the-incredible-shrinking-man", "wild-strawberries", "12-angry-men", "the-seventh-seal", "an-affair-to-remember", "paths-of-glory", "throne-of-blood", "high-society", "the-wrong-man", "giant", "invasion-of-the-body-snatchers", "bigger-than-life", "things-to-come", "camille-1936", "the-story-of-a-cheat", "my-man-godfrey", "mr-deeds-goes-to-town", "swing-time", "modern-times", "peter-ibbetson", "top-hat", "captain-blood", "the-bride-of-frankenstein", "a-night-at-the-opera", "the-39-steps", "mutiny-on-the-bounty", "the-thin-man", "the-black-cat", "latalante", "it-happened-one-night", "the-goddess-1934", "its-a-gift", "triumph-of-the-will", "queen-christina", "sons-of-the-desert", "land-without-bread", "king-kong", "gold-diggers-of-1933", "zero-for-conduct-1933", "duck-soup-1933", "she-done-him-wrong", "the-bitter-tea-of-general-yen", "footlight-parade", "42nd-street", "freaks", "scarface", "trouble-in-paradise", "shanghai-express", "love-me-tonight", "boudu-saved-from-drowning", "i-am-a-fugitive-from-a-chain-gang", "vampyr", "m", "the-public-enemy", "frankenstein-1931", "dracula", "city-lights", "tabu-1931", "limite", "a-nous-la-liberte", "earth-1930", "lage-dor", "all-quiet-on-the-western-front", "the-blue-angel", "little-caesar", "blackmail", "pandoras-box", "man-with-a-movie-camera", "a-throw-of-dice", "storm-over-asia", "steamboat-bill-jr", "un-chien-andalou", "the-passion-of-joan-of-arc", "the-docks-of-new-york", "the-crowd", "the-kid-brother", "napoleon", "the-jazz-singer", "october-ten-days-that-shook-the-world", "the-unknown", "the-general", "sunrise-a-song-of-two-humans", "metropolis", "the-adventures-of-prince-achmed", "the-big-parade", "the-gold-rush", "battleship-potemkin", "the-phantom-of-the-opera", "the-eagle-1925", "the-thief-of-bagdad", "greed", "the-great-white-silence", "sherlock-jr", "strike", "the-last-laugh", "la-roue", "our-hospitality", "foolish-wives", "haxan", "nosferatu", "nanook-of-the-north", "dr-mabuse-the-gambler", "the-smiling-madame-beudet", "the-phantom-carriage", "orphans-of-the-storm", "within-our-gates", "broken-blossoms-1919", "the-cabinet-of-dr-caligari-1920", "intolerance-loves-struggle-throughout-the-ages", "the-vampires-or-the-arch-criminals-of-paris", "the-birth-of-a-nation", "the-great-train-robbery", "el-topo", "the-butcher-1970", "the-conformist", "tristana", "my-night-at-mauds", "the-wild-bunch", "in-the-year-of-the-pig", "lucia", "kes", "easy-rider", "a-touch-of-zen", "butch-cassidy-and-the-sundance-kid", "midnight-cowboy", "the-color-of-pomegranates", "andrei-rublev", "fellini-satyricon", "z", "the-producers", "shame", "targets", "night-of-the-living-dead", "2001-a-space-odyssey", "hour-of-the-wolf", "high-school", "memories-of-underdevelopment", "david-holzmans-diary", "if", "rosemarys-baby", "planet-of-the-apes", "faces-1968", "once-upon-a-time-in-the-west", "the-cow-1969", "viy", "bonnie-and-clyde", "the-jungle-book", "the-firemens-ball", "marketa-lazarova", "in-the-heat-of-the-night", "entranced-earth", "closely-watched-trains", "wavelength-1967", "le-samourai", "weekend-1967", "the-young-girls-of-rochefort", "point-blank", "the-graduate", "the-red-and-the-white", "playtime", "cool-hand-luke", "belle-de-jour", "2-or-3-things-i-know-about-her", "report", "masculin-feminin", "au-hasard-balthazar", "persona", "the-good-the-bad-and-the-ugly", "seconds", "come-drink-with-me", "daisies", "blow-up", "whos-afraid-of-virginia-woolf", "hold-me-while-im-naked", "subarnarekha", "pierrot-le-fou", "repulsion", "the-saragossa-manuscript", "vinyl", "faster-pussycat-kill-kill", "chimes-at-midnight", "alphaville", "the-man-who-had-his-hair-cut-short", "the-sound-of-music", "the-battle-of-algiers", "juliet-of-the-spirits", "tokyo-olympiad", "the-war-game", "doctor-zhivago", "the-shop-on-main-street", "the-gospel-according-to-st-matthew", "onibaba", "mary-poppins", "gertrud", "the-umbrellas-of-cherbourg", "a-hard-days-night", "black-god-white-devil", "dr-strangelove-or-how-i-learned-to-stop-worrying-and-love-the-bomb", "before-the-revolution", "the-masque-of-the-red-death", "marnie", "scorpio-rising", "shadows-of-forgotten-ancestors", "woman-in-the-dunes", "red-desert", "my-fair-lady", "goldfinger", "the-haunting", "an-actors-revenge", "mediterranee", "the-great-escape", "the-nutty-professor", "india-song", "picnic-at-hanging-rock", "cria-cuervos", "salo-or-the-120-days-of-sodom", "nashville", "fox-and-his-friends", "manila-in-the-claws-of-light", "one-flew-over-the-cuckoos-nest", "dog-day-afternoon", "deewaar", "monty-python-and-the-holy-grail", "the-travelling-players", "jeanne-dielman-23-quai-du-commerce-1080-bruxelles", "the-rocky-horror-picture-show", "barry-lyndon", "ali-fear-eats-the-soul", "celine-and-julie-go-boating", "blazing-saddles", "the-texas-chain-saw-massacre", "young-frankenstein", "a-woman-under-the-influence", "chinatown", "mirror", "the-conversation", "the-godfather-part-ii", "dersu-uzala", "bring-me-the-head-of-alfredo-garcia", "the-towering-inferno", "amarcord", "fantastic-planet", "the-harder-they-come", "the-spirit-of-the-beehive", "turkish-delight", "pat-garrett-billy-the-kid", "f-for-fake", "the-exorcist", "sleeper", "mean-streets", "day-for-night", "dont-look-now", "serpico", "enter-the-dragon", "the-wicker-man", "the-long-goodbye", "papillon", "american-graffiti", "badlands", "high-plains-drifter", "the-mother-and-the-whore", "the-sting", "super-fly", "sleuth", "pink-flamingos", "frenzy", "the-heartbreak-kid-1972", "fat-city", "the-bitter-tears-of-petra-von-kant", "last-tango-in-paris", "the-godfather", "the-discreet-charm-of-the-bourgeoisie", "cries-and-whispers", "solaris", "cabaret", "aguirre-the-wrath-of-god", "deliverance", "wake-in-fright", "two-lane-blacktop", "straw-dogs", "murmur-of-the-heart", "wanda", "the-last-picture-show", "sweet-sweetbacks-baadasssss-song", "shaft", "get-carter", "red-psalm", "the-french-connection", "harold-and-maude", "klute", "walkabout", "wr-mysteries-of-the-organism", "the-hired-hand", "the-devils", "willy-wonka-the-chocolate-factory", "the-sorrow-and-the-pity", "mccabe-mrs-miller", "a-clockwork-orange", "dirty-harry", "the-garden-of-the-finzi-continis", "gimme-shelter-1970", "woodstock", "performance", "zabriskie-point", "mash", "the-bird-with-the-crystal-plumage", "patton", "little-big-man", "the-ear", "the-spiders-stratagem", "deep-end", "five-easy-pieces", "drugstore-cowboy", "the-killer", "my-left-foot-the-story-of-christy-brown", "the-cook-the-thief-his-wife-her-lover", "glory", "field-of-dreams", "batman-1989", "crimes-and-misdemeanors", "when-harry-met-sally", "distant-voices-still-lives", "robocop", "dead-ringers", "dangerous-liaisons", "die-hard", "rain-man", "dekalog", "who-framed-roger-rabbit", "big", "grave-of-the-fireflies", "cinema-paradiso", "the-naked-gun-from-the-files-of-police-squad", "a-tale-of-the-wind", "a-fish-called-wanda", "akira", "the-thin-blue-line", "ariel", "alice-1988", "the-vanishing", "women-on-the-verge-of-a-nervous-breakdown", "hotel-terminus-the-life-and-times-of-klaus-barbie", "bull-durham", "the-dead", "fatal-attraction", "red-sorghum", "the-untouchables", "wall-street", "moonstruck", "good-morning-vietnam", "babettes-feast", "broadcast-news", "full-metal-jacket", "a-chinese-ghost-story", "the-princess-bride", "withnail-i", "wings-of-desire", "project-a-part-ii", "yeelen", "raising-arizona", "au-revoir-les-enfants", "the-horse-thief", "tampopo", "stand-by-me", "shermans-march", "top-gun", "the-fly-1986", "ferris-buellers-day-off", "aliens", "peking-opera-blues", "the-decline-of-the-american-empire", "down-by-law", "platoon", "salvador", "caravaggio", "children-of-a-lesser-god", "shes-gotta-have-it", "hannah-and-her-sisters", "blue-velvet", "manhunter", "a-room-with-a-view", "the-color-purple", "shoah", "vagabond", "the-purple-rose-of-cairo", "the-quiet-earth", "kiss-of-the-spider-woman", "brazil", "back-to-the-future", "ran", "out-of-africa", "mishima-a-life-in-four-chapters", "come-and-see", "the-breakfast-club", "the-time-to-live-and-the-time-to-die", "prizzis-honor", "amadeus", "stranger-than-paradise", "the-killing-fields", "beverly-hills-cop", "a-passage-to-india", "this-is-spinal-tap", "a-nightmare-on-elm-street", "paris-texas", "ghostbusters", "the-natural", "the-terminator", "once-upon-a-time-in-america", "local-hero", "the-king-of-comedy", "scarface-1983", "koyaanisqatsi", "spring-in-a-small-town", "force-of-evil", "secret-beyond-the-door", "letter-from-an-unknown-woman", "bicycle-thieves", "odd-man-out", "monsieur-verdoux", "out-of-the-past", "black-narcissus", "notorious", "my-darling-clementine", "great-expectations", "a-matter-of-life-and-death", "gilda", "the-big-sleep", "its-a-wonderful-life", "the-killers", "beauty-and-the-beast", "the-postman-always-rings-twice", "paisan", "the-best-years-of-our-lives", "rome-open-city", "brief-encounter", "san-pietro", "children-of-paradise", "the-lost-weekend", "i-know-where-im-going", "detour", "mildred-pierce", "ivan-the-terrible-part-i", "murder-my-sweet", "double-indemnity", "henry-v-1944", "gaslight-1944", "to-have-and-have-not", "meet-me-in-st-louis", "laura", "ossessione", "shadow-of-a-doubt", "the-man-in-grey", "the-seventh-victim", "meshes-of-the-afternoon", "the-life-and-death-of-colonel-blimp", "the-ox-bow-incident", "fires-were-started", "cat-people", "casablanca", "mrs-miniver", "yankee-doodle-dandy", "the-magnificent-ambersons", "to-be-or-not-to-be", "now-voyager", "the-palm-beach-story", "dumbo", "the-maltese-falcon-1941", "sullivans-travels", "how-green-was-my-valley", "high-sierra", "the-wolf-man-1941", "the-lady-eve", "sergeant-york", "citizen-kane", "pinocchio", "the-bank-dick", "the-mortal-storm", "the-grapes-of-wrath", "the-philadelphia-story", "rebecca", "fantasia", "his-girl-friday", "the-story-of-the-last-chrysanthemum", "the-rules-of-the-game", "the-wizard-of-oz-1939", "ninotchka", "gunga-din", "daybreak-1939", "gone-with-the-wind", "destry-rides-again", "only-angels-have-wings", "stagecoach", "mr-smith-goes-to-washington", "wuthering-heights", "the-lady-vanishes", "olympia-part-one-festival-of-the-nations", "bringing-up-baby", "the-bakers-wife", "angels-with-dirty-faces", "the-adventures-of-robin-hood", "jezebel", "the-life-of-emile-zola", "the-awful-truth", "captains-courageous", "snow-white-and-the-seven-dwarfs", "song-at-midnight", "stella-dallas", "grand-illusion", "make-way-for-tomorrow", "pepe-le-moko", "a-day-in-the-country", "dodsworth", "the-english-patient", "secrets-lies", "scream", "shine", "three-lives-and-only-one-death", "gabbeh", "fargo", "trainspotting", "zero-kelvin", "the-usual-suspects", "dead-man", "toy-story", "heat-1995", "safe", "clueless", "cyclo", "dilwale-dulhania-le-jayenge", "underground-1995", "the-white-balloon", "smoke", "se7en", "babe", "deseret", "braveheart", "the-kingdom", "chungking-express", "dear-diary-1993", "the-shawshank-redemption", "through-the-olive-trees", "forrest-gump", "four-weddings-and-a-funeral", "clerks", "satantango", "hoop-dreams", "the-adventures-of-priscilla-queen-of-the-desert", "muriels-wedding", "natural-born-killers", "three-colours-red", "pulp-fiction", "heavenly-creatures", "crumb", "wild-reeds", "the-last-seduction", "the-lion-king", "jurassic-park", "thirty-two-short-films-about-glenn-gould", "the-wedding-banquet", "the-piano", "groundhog-day", "farewell-my-concubine", "three-colours-blue", "schindlers-list", "short-cuts", "the-blue-kite", "the-puppetmaster", "philadelphia", "the-crying-game", "man-bites-dog", "center-stage-1991", "unforgiven", "a-tale-of-winter", "glengarry-glen-ross", "reservoir-dogs", "the-player", "strictly-ballroom", "romper-stomper", "hearts-of-darkness-a-filmmakers-apocalypse", "raise-the-red-lantern", "tongues-untied", "the-double-life-of-veronique", "delicatessen", "terminator-2-judgment-day", "the-silence-of-the-lambs", "my-own-private-idaho", "thelma-louise", "once-upon-a-time-in-china", "slacker", "jfk", "a-brighter-summer-day", "the-rapture", "la-belle-noiseuse", "boyz-n-the-hood", "europa-europa", "edward-scissorhands", "total-recall", "archangel-1990", "henry-portrait-of-a-serial-killer", "dances-with-wolves", "pretty-woman", "king-of-new-york", "close-up", "goodfellas", "no-fear-no-die", "trust", "a-city-of-sadness", "sex-lies-and-videotape", "roger-me", "the-unbelievable-truth", "do-the-right-thing", "the-asthenic-syndrome", "videodrome", "the-4th-man", "el-norte", "terms-of-endearment", "the-ballad-of-narayama", "return-of-the-jedi", "sans-soleil", "the-big-chill", "largent-1983", "the-right-stuff", "a-christmas-story-1983", "the-draughtsmans-contract", "a-question-of-silence", "the-night-of-the-shooting-stars", "fanny-and-alexander", "the-thing", "gandhi", "fitzcarraldo", "tootsie", "diner", "blade-runner", "the-road-1982", "poltergeist", "too-early-too-late", "fast-times-at-ridgemont-high", "the-evil-dead", "et-the-extra-terrestrial", "reds", "man-of-iron", "body-heat", "chariots-of-fire", "gallipoli", "das-boot", "raiders-of-the-lost-ark", "diva", "an-american-werewolf-in-london", "airplane", "raging-bull", "loulou", "the-big-red-one", "the-elephant-man", "the-shining", "the-last-metro", "atlantic-city", "the-empire-strikes-back", "ordinary-people", "kramer-vs-kramer", "the-jerk", "the-tin-drum", "mad-max", "christ-stopped-at-eboli", "the-muppet-movie", "all-that-jazz", "apocalypse-now", "manhattan", "being-there", "alien", "breaking-away", "real-life", "life-of-brian", "stalker", "nosferatu-the-vampyre", "the-marriage-of-maria-braun", "my-brilliant-career", "the-36th-chamber-of-shaolin", "grease", "up-in-smoke-1978", "dawn-of-the-dead", "the-deer-hunter", "the-chant-of-jimmie-blacksmith", "the-tree-of-wooden-clogs", "halloween-1978", "days-of-heaven", "the-hills-have-eyes", "soldier-of-orange", "eraserhead", "killer-of-sheep", "saturday-night-fever", "man-of-marble", "last-chants-for-a-slow-dance", "sleeping-dogs", "suspiria", "annie-hall", "the-american-friend", "ceddo", "stroszek", "star-wars", "the-last-wave", "close-encounters-of-the-third-kind", "the-ascent", "in-the-realm-of-the-senses", "rocky", "taxi-driver", "carrie-1976", "network", "the-killing-of-a-chinese-bookie", "the-outlaw-josey-wales", "all-the-presidents-men", "the-man-who-fell-to-earth", "jaws"], "isStats": true, "num": 1001, "order": 8}, {"_id": "jack/list/official-top-250-documentary-films", "name": "Top 250 Documentaries", "uris": ["triumph-over-violence", "to-be-and-to-have", "4-little-girls", "miss-americana", "at-sea", "ethnic-notions", "blackfish", "citizenfour", "american-dream", "toni-morrison-the-pieces-i-am", "the-stroll-2023", "garlic-is-as-good-as-ten-mothers", "boys-state", "big-time", "city-hall-2020", "rush-beyond-the-lighted-stage", "pixo", "my-winnipeg", "mayor", "winter-on-fire-ukraines-fight-for-freedom", "la-region-centrale", "italianamerican", "sleep-has-her-house", "woodlands-dark-and-days-bewitched-a-history-of-folk-horror", "tempestad", "this-much-i-know-to-be-true", "diana-in-her-own-words", "the-crash-reel", "amazing-grace-2018", "love-meetings", "dio-dreamers-never-die", "pearl-jam-twenty", "children-of-the-mist", "at-berkeley", "little-dieter-needs-to-fly", "shakedown-2018", "jane-b-by-agnes-v", "at-the-heart-of-gold-inside-the-usa-gymnastics-scandal", "virunga", "exit-through-the-gift-shop", "listen-to-me-marlon", "the-two-escobars", "high-school", "rising-phoenix", "ex-libris-the-new-york-public-library", "martin-margiela-in-his-own-words", "jane-2017-1", "symbiopsychotaxiplasm-take-one", "from-the-east", "diego-maradona", "the-rescue-2021", "news-from-home", "102-minutes-that-changed-america", "bitter-lake-2015", "earthlings", "the-work", "instrument-1999", "28-up", "reminiscences-of-a-journey-to-lithuania", "pictures-of-the-old-world", "fire-of-love-2022", "the-thin-blue-line", "shinjuku-boys", "jazz-on-a-summers-day", "revolution-of-our-times", "burden-of-dreams", "see-know-evil", "42-up", "it-felt-like-a-kiss", "waltz-with-bashir", "free-solo", "lost-lost-lost", "kanehsatake-270-years-of-resistance", "tom-petty-and-the-heartbreakers-runnin-down-a-dream", "the-kingdom-of-dreams-and-madness", "49-up", "land-of-silence-and-darkness", "sink-or-swim", "nazi-concentration-camps", "hospital-1970", "gleason-2016", "ryuichi-sakamoto-coda", "the-battle-of-chile-part-iii", "gimme-shelter-1970", "white-light-black-rain-the-destruction-of-hiroshima-and-nagasaki", "love-deutschmarks-and-death", "the-fire-within-requiem-for-katia-and-maurice-krafft", "the-dawn-wall", "the-last-days", "my-voyage-to-italy", "homework-1989", "dressed-in-blue", "the-silence-of-others", "varda-by-agnes", "grey-gardens", "tower-2016", "concerning-violence", "cuba-and-the-cameraman", "style-wars", "let-the-fire-burn", "long-strange-trip", "nobodys-business", "35-up", "still-a-michael-j-fox-movie", "little-girl-2020", "five-came-back-2017-1", "microcosmos", "amy-2015", "crip-camp-a-disability-revolution", "roger-waters-us-them", "out-takes-from-the-life-of-a-happy-man", "the-black-power-mixtape-1967-1975", "moonage-daydream", "encounters-at-the-end-of-the-world", "songs-for-drella", "21-up", "dark-days", "shirkers", "depeche-mode-101", "jiro-dreams-of-sushi", "the-great-white-silence", "haxan", "titicut-follies", "the-velvet-queen", "nostalgia-for-the-light", "honeyland-2019", "wattstax", "how-to-die-in-oregon", "the-hour-of-the-furnaces", "collective", "56-up", "the-fog-of-war", "hands-on-a-hardbody-the-documentary", "jodorowskys-dune", "the-king-of-kong-a-fistful-of-quarters", "bones-brigade-an-autobiography", "the-cove", "lake-of-fire", "lumiere-2016", "kedi-2016", "in-jackson-heights", "night-will-fall", "welcome-to-chechnya", "how-to-survive-a-plague", "mur-murs", "daguerreotypes", "salaam-cinema", "where-does-your-hidden-smile-lie", "five-broken-cameras", "jane-fonda-in-five-acts", "stop-making-sense", "shoah", "paris-is-burning", "nathan-for-you-finding-frances", "as-i-was-moving-ahead-occasionally-i-saw-brief-glimpses-of-beauty", "oj-made-in-america", "hoop-dreams", "tie-xi-qu-west-of-the-tracks", "the-act-of-killing", "dear-zachary-a-letter-to-a-son-about-his-father", "streetwise", "for-sama", "13th", "harlan-county-usa", "pink-floyd-live-at-pompeii", "koyaanisqatsi", "twenty-years-later", "minding-the-gap", "the-emperors-naked-army-marches-on", "man-with-a-movie-camera", "the-look-of-silence", "baraka", "welfare", "black-is-black-aint", "the-beaches-of-agnes", "when-the-levees-broke-a-requiem-in-four-acts", "david-byrnes-american-utopia", "the-battle-of-chile-part-i", "dominion-2018", "master-a-building-in-copacabana", "the-battle-of-chile-part-ii", "life-of-crime-1984-2020", "playing", "tongues-untied", "senna", "samsara-2011", "sans-soleil", "flee-2021", "a-personal-journey-with-martin-scorsese-through-american-movies", "tokyo-olympiad", "hearts-of-darkness-a-filmmakers-apocalypse", "wont-you-be-my-neighbor", "the-gleaners-and-i", "f-for-fake", "one-more-time-with-feeling", "all-the-beauty-and-the-bloodshed", "human-2015", "i-am-not-your-negro", "the-salt-of-the-earth", "alone-in-the-wilderness", "til-madness-do-us-part", "american-movie", "the-metamorphosis-of-birds", "david-attenborough-a-life-on-our-planet", "the-last-waltz", "original-cast-album-company", "the-sorrow-and-the-pity", "la-92", "summer-of-soul-or-when-the-revolution-could-not-be-televised", "crumb", "63-up", "faces-places", "heima", "hearts-and-minds", "woodstock", "the-three-deaths-of-marisela-escobedo", "hypernormalisation", "a-grin-without-a-cat", "grizzly-man", "ziggy-stardust-and-the-spiders-from-mars", "ennio", "cameraperson", "histoires-du-cinema", "jimi-plays-monterey", "mr-bachmann-and-his-class", "paradise-lost-the-child-murders-at-robin-hood-hills", "sign-o-the-times", "the-murder-of-fred-hampton", "no-direction-home-bob-dylan", "blue-1993", "the-times-of-harvey-milk", "they-shall-not-grow-old", "diaries-notes-and-sketches", "9-11", "love-antosha", "the-devil-and-daniel-johnston", "disclosure-2020-1", "the-lovely-month-of-may", "for-all-mankind", "lessons-of-darkness", "dont-look-back-1967", "roger-waters-the-wall", "apollo-11-2019", "the-quince-tree-sun", "george-harrison-living-in-the-material-world", "when-we-were-kings", "concert-for-george", "los-angeles-plays-itself", "searching-for-sugar-man", "monterey-pop"], "isStats": true, "num": 250, "order": 14}, {"_id": "darrencb/list/letterboxds-top-250-horror-films", "name": "Top 250 Horror", "uris": ["the-thing", "psycho", "alien", "the-shining", "cure", "the-cremator", "rosemarys-baby", "kwaidan", "demons-1971", "get-out-2017", "diabolique-1955", "twin-peaks-fire-walk-with-me", "what-ever-happened-to-baby-jane", "black-swan", "possession", "what-we-do-in-the-shadows", "seconds", "the-innocents", "the-wolf-house", "the-cabinet-of-dr-caligari-1920", "faust-1926", "onibaba", "the-phantom-carriage", "let-the-right-one-in", "the-lighthouse-2019", "one-cut-of-the-dead", "i-saw-the-devil", "phantom-of-the-paradise", "evil-dead-ii", "scream", "godzilla", "kuroneko", "house", "peeping-tom", "the-exorcist", "jaws", "santa-sangre", "the-fly-1986", "the-wailing", "hereditary", "shaun-of-the-dead", "the-rocky-horror-picture-show", "haxan", "legend-of-the-mountain", "hour-of-the-wolf", "night-of-the-living-dead", "the-bride-of-frankenstein", "dawn-of-the-dead", "suspiria", "funny-games", "train-to-busan", "the-wicker-man", "vampire-hunter-d-bloodlust", "eyes-without-a-face", "invasion-of-the-body-snatchers-1978", "repulsion", "mother-joan-of-the-angels", "braindead-1992", "freaks", "nosferatu", "eraserhead", "deep-red", "videodrome", "the-skeleton-of-mrs-morales", "beauty-and-the-beast-1978", "king-kong", "the-texas-chain-saw-massacre", "the-skin-i-live-in", "tetsuo-the-iron-man", "shin-godzilla", "nosferatu-the-vampyre", "the-devil-1972", "the-man-who-laughs", "take-shelter", "the-invisible-man", "angel-dust", "carrie-1976", "an-american-werewolf-in-london", "the-witch-2015", "frankenstein-1931", "the-tenant", "dead-ringers", "manhunter", "inland-empire", "halloween-1978", "the-third-part-of-the-night", "a-page-of-madness", "audition", "the-devils-backbone", "black-christmas", "kotoko", "the-incredible-shrinking-man", "a-new-life", "little-shop-of-horrors", "manichitrathazhu", "invasion-of-the-body-snatchers", "jacobs-ladder", "vampyr", "morgiana", "the-return-of-the-living-dead", "black-sunday-1960", "dont-let-the-riverbeast-get-you", "altered-states", "noroi-the-curse", "gremlins", "singapore-sling", "tigers-are-not-afraid", "bedevilled", "in-a-glass-cage", "late-night-with-the-devil", "the-orphanage", "the-bad-seed", "bram-stokers-dracula", "the-lost-boys", "opera", "the-abominable-dr-phibes", "angel-heart", "gemini", "candyman", "tumbbad", "ichi-the-killer", "jigoku", "the-spiral-staircase", "black-sabbath", "celia", "funny-games-2007", "mad-love", "the-descent", "mandy-2018", "the-hidden", "the-house-that-jack-built-2018", "the-addiction", "ravenous", "ganja-hess", "stoker", "the-long-walk-2019", "possessor", "the-brood", "the-penalty", "ringu", "the-picture-of-dorian-gray", "the-hitcher", "bud-abbott-and-lou-costello-meet-frankenstein", "the-fan-1982", "ginger-snaps", "theatre-of-blood", "the-innocents-2021", "phenomena", "dracula-1958", "tales-from-the-hood", "dont-look-now", "the-unknown", "rapture-1979", "helter-skelter-2012", "gamera-3-revenge-of-iris", "strangler-vs-strangler", "midsommar", "in-the-mouth-of-madness", "november-2017", "night-of-the-demon", "the-hunchback-of-notre-dame-1939", "the-haunting", "climax-2018", "mad-god", "scooby-doo-on-zombie-island", "the-boxers-omen", "thesis", "thirst-2009", "pearl-2022", "the-host", "a-girl-walks-home-alone-at-night", "carnival-of-souls", "the-birds", "nope", "day-of-the-dead", "the-happiness-of-the-katakuris", "re-animator", "angst", "under-the-blossoming-cherry-trees", "little-otik", "28-days-later", "suspiria-2018", "the-fall-of-the-house-of-usher", "guilty-of-romance", "a-nightmare-on-elm-street", "martin", "taste-of-fear", "tenebre", "godzilla-vs-destoroyah", "blind-beast", "the-phantom-of-the-opera", "dead-of-night", "the-demon-1963", "dr-jekyll-and-mr-hyde-1931", "blood-and-black-lace", "who-can-kill-a-child", "images", "raw-2016", "the-others", "this-night-ill-possess-your-corpse", "cold-fish", "retribution", "the-seventh-curse", "army-of-darkness", "cemetery-man", "linferno", "despite-the-night", "a-tale-of-two-sisters", "the-bird-with-the-crystal-plumage", "the-other-side-of-the-underneath", "clearcut", "love-massacre", "rec", "dogra-magra", "bone-tomahawk", "gamera-2-attack-of-legion", "white-dog", "island-of-lost-souls", "the-stepford-wives", "careful", "talk-to-me-2023-1", "the-evil-dead", "dreadnaught", "strange-circus", "titane", "bones-and-all", "martyrs", "hush-hush-sweet-charlotte", "cat-people", "green-room", "frenzy", "lunacy", "i-walked-with-a-zombie", "pulse-2001", "the-ghost-of-yotsuya", "encounter-of-the-spooky-kind", "us-2019", "the-day-of-the-beast", "a-quiet-place-2018", "empire-of-passion", "the-golem-how-he-came-into-the-world", "gozu", "carnival-of-sinners", "tucker-and-dale-vs-evil", "mr-vampire", "the-omen", "anguish", "poison-for-the-fairies", "dont-torture-a-duckling", "seance-2000"], "isStats": true, "num": 250, "order": 16}, {"_id": "lifeasfiction/list/letterboxd-100-animation", "name": "Top 100 Animation", "uris": ["spider-man-across-the-spider-verse", "spirited-away", "grave-of-the-fireflies", "spider-man-into-the-spider-verse", "perfect-blue", "its-such-a-beautiful-day", "princess-mononoke", "howls-moving-castle", "akira", "fantastic-mr-fox", "evangelion-3010-thrice-upon-a-time", "the-iron-giant", "marcel-the-shell-with-shoes-on-2021", "the-tale-of-the-princess-kaguya", "your-name", "the-lion-king", "mary-and-max", "millennium-actress", "kizumonogatari-part-3-reiketsu", "my-neighbor-totoro", "tokyo-godfathers", "ratatouille", "flee-2021", "wolfwalkers", "walle", "puss-in-boots-the-last-wish", "song-of-the-sea", "son-of-the-white-mare", "persepolis", "the-first-slam-dunk", "a-silent-voice", "night-is-short-walk-on-girl", "my-life-as-a-zucchini", "whisper-of-the-heart", "toy-story", "angels-egg", "nausicaa-of-the-valley-of-the-wind", "mind-game", "coco-2017", "coraline", "kikis-delivery-service", "the-garden-of-sinners-paradox-spiral", "the-final-exit-of-the-disciples-of-ascensia", "klaus", "interstella-5555-the-5tory-of-the-5ecret-5tar-5ystem", "wolf-children", "paprika-2006", "up", "ghost-in-the-shell", "the-wolf-house", "the-incredibles", "monsters-inc", "mulan", "ernest-celestine", "the-wind-rises", "cowboy-bebop-the-movie", "finding-nemo", "waltz-with-bashir", "dou-kyu-sei-classmates", "castle-in-the-sky", "shrek", "azur-asmar-the-princes-quest", "the-breadwinner", "ponyo", "fantastic-planet", "kizumonogatari-part-2-nekketsu", "tux-and-fanny", "the-tragedy-of-man", "tower-2016", "in-this-corner-of-the-world", "redline", "toy-story-3", "batman-mask-of-the-phantasm", "guillermo-del-toros-pinocchio", "nimona-2023", "tekkonkinkreet", "shrek-2", "princes-and-princesses", "how-to-train-your-dragon", "porco-rosso", "maronas-fantastic-tale", "liz-and-the-blue-bird", "the-adventures-of-prince-achmed", "the-triplets-of-belleville", "lilo-stitch", "soul-2020", "the-prince-of-egypt", "the-summit-of-the-gods", "on-gaku-our-sound", "isle-of-dogs-2018", "lupin-the-third-the-castle-of-cagliostro", "vampire-hunter-d-bloodlust", "the-nightmare-before-christmas", "toy-story-2", "a-town-called-panic", "loving-vincent", "the-pied-piper-1986", "evangelion-20-you-can-not-advance", "only-yesterday", "kubo-and-the-two-strings"], "isStats": true, "num": 100, "order": 15}, {"_id": "bfi/list/sight-and-sounds-greatest-films-of-all-time", "name": "Sight & Sound Greatest Films", "uris": ["jeanne-dielman-23-quai-du-commerce-1080-bruxelles", "vertigo", "citizen-kane", "tokyo-story", "in-the-mood-for-love", "2001-a-space-odyssey", "beau-travail", "mulholland-drive", "man-with-a-movie-camera", "singin-in-the-rain", "sunrise-a-song-of-two-humans", "the-godfather", "the-rules-of-the-game", "cleo-from-5-to-7", "the-searchers", "meshes-of-the-afternoon", "close-up", "persona", "apocalypse-now", "seven-samurai", "the-passion-of-joan-of-arc", "late-spring", "playtime", "do-the-right-thing", "au-hasard-balthazar", "the-night-of-the-hunter", "shoah", "daisies", "taxi-driver", "portrait-of-a-lady-on-fire", "mirror", "8-half", "psycho", "latalante", "pather-panchali", "city-lights", "m", "breathless", "some-like-it-hot", "rear-window", "bicycle-thieves", "rashomon", "stalker", "killer-of-sheep", "north-by-northwest", "the-battle-of-algiers", "barry-lyndon", "wanda", "ordet", "the-400-blows", "the-piano", "news-from-home", "ali-fear-eats-the-soul", "the-apartment", "battleship-potemkin", "sherlock-jr", "contempt", "blade-runner", "sans-soleil", "daughters-of-the-dust", "la-dolce-vita", "moonlight-2016", "casablanca", "goodfellas", "the-third-man", "touki-bouki", "the-gleaners-and-i", "metropolis", "andrei-rublev", "the-red-shoes", "la-jetee", "my-neighbor-totoro", "journey-to-italy", "lavventura", "imitation-of-life-1959", "sansho-the-bailiff", "spirited-away", "a-brighter-summer-day", "satantango", "celine-and-julie-go-boating", "modern-times", "sunset-boulevard", "a-matter-of-life-and-death", "blue-velvet", "pierrot-le-fou", "histoires-du-cinema", "the-spirit-of-the-beehive", "the-shining", "chungking-express", "the-earrings-of-madame-de", "the-leopard", "ugetsu", "parasite-2019", "yi-yi", "a-man-escaped", "the-general", "once-upon-a-time-in-the-west", "get-out-2017", "black-girl-1966", "tropical-malady", "vagabond", "the-house-is-black", "rio-bravo", "come-and-see", "the-godfather-part-ii", "the-mother-and-the-whore", "jaws", "wild-strawberries", "bringing-up-baby", "the-man-who-shot-liberty-valance", "the-wizard-of-oz-1939", "goodbye-dragon-inn", "touch-of-evil", "dont-look-now", "to-be-or-not-to-be", "a-woman-under-the-influence", "nashville", "the-thing", "aguirre-the-wrath-of-god", "the-texas-chain-saw-massacre", "the-conformist", "only-angels-have-wings", "the-matrix", "there-will-be-blood", "johnny-guitar", "the-color-of-pomegranates", "the-umbrellas-of-cherbourg", "the-ascent", "his-girl-friday", "pulp-fiction", "raging-bull", "fanny-and-alexander", "notorious", "lawrence-of-arabia", "its-a-wonderful-life", "a-day-in-the-country", "children-of-paradise", "trouble-in-paradise", "the-wild-bunch", "la-cienaga", "gertrud", "the-seventh-seal", "sambizanga", "pickpocket", "all-that-heaven-allows", "alien", "the-watermelon-woman", "grand-illusion", "vampyr", "india-song", "chinatown", "twin-peaks-the-return", "the-cloud-capped-star", "days-of-heaven", "le-bonheur", "west-indies", "a-city-of-sadness", "the-gospel-according-to-st-matthew", "all-about-my-mother", "ikiru", "the-young-and-the-damned", "once-upon-a-time-in-america", "out-of-the-past", "where-is-the-friends-house", "orlando", "vivre-sa-vie", "tie-xi-qu-west-of-the-tracks", "amarcord", "the-exterminating-angel", "last-year-at-marienbad", "out-1", "un-chien-andalou", "symbiopsychotaxiplasm-take-one", "heat-1995", "under-the-skin-2013", "the-good-the-bad-and-the-ugly", "hiroshima-mon-amour", "the-magnificent-ambersons", "largent-1983", "black-narcissus", "letter-from-an-unknown-woman", "memories-of-underdevelopment", "red-desert", "charulata", "pyaasa", "magnolia", "greed", "wings-of-desire", "ran", "the-birds", "an-autumn-afternoon", "paris-texas", "the-young-girls-of-rochefort", "the-river", "love-streams", "paisan", "the-headless-woman", "dr-strangelove-or-how-i-learned-to-stop-worrying-and-love-the-bomb", "leclisse", "wavelength-1967", "uncle-boonmee-who-can-recall-his-past-lives", "nosferatu", "i-know-where-im-going", "double-indemnity", "the-life-and-death-of-colonel-blimp", "paris-is-burning", "the-tree-of-life-2011", "zama", "one-way-or-another-1975", "mad-max-fury-road", "by-the-bluest-of-seas", "suspiria", "brief-encounter", "army-of-shadows", "all-about-eve", "limite", "in-a-lonely-place", "pink-flamingos", "the-deer-hunter", "twin-peaks-fire-walk-with-me", "duck-soup-1933", "melancholia", "twenty-years-later", "raiders-of-the-lost-ark", "harlan-county-usa", "a-touch-of-zen", "the-green-ray", "happy-together-1997", "star-wars", "blue-1993", "napoleon", "intolerance-loves-struggle-throughout-the-ages", "flowers-of-shanghai", "as-i-was-moving-ahead-occasionally-i-saw-brief-glimpses-of-beauty", "europe-51", "grave-of-the-fireflies", "crash", "the-hour-of-the-furnaces", "cries-and-whispers", "the-crowd", "je-tu-il-elle", "petite-maman", "in-vandas-room", "my-darling-clementine", "the-quince-tree-sun", "annie-hall", "pandoras-box", "oh-sun", "distant-voices-still-lives", "morvern-callar", "sullivans-travels", "the-intruder", "born-in-flames", "syndromes-and-a-century", "earth-1930", "mouchette", "werckmeister-harmonies", "nostalgia-for-the-light", "a-canterbury-tale", "a-clockwork-orange", "the-last-laugh", "taste-of-cherry", "possession", "videodrome"], "isStats": true, "order": 7, "num": 264}, {"_id": "brsan/list/cannes-palme-dor-winners", "name": "Cannes\u2019 Palme d\u2019Or Winners", "uris": ["anatomy-of-a-fall", "triangle-of-sadness", "titane", "parasite-2019", "shoplifters", "the-square-2017", "i-daniel-blake", "dheepan", "winter-sleep", "blue-is-the-warmest-color", "amour", "the-tree-of-life-2011", "uncle-boonmee-who-can-recall-his-past-lives", "the-white-ribbon", "the-class-2008", "4-months-3-weeks-and-2-days", "the-wind-that-shakes-the-barley", "the-child", "fahrenheit-9-11", "elephant-2003", "the-pianist", "the-sons-room", "dancer-in-the-dark", "rosetta", "eternity-and-a-day", "taste-of-cherry", "the-eel", "secrets-lies", "underground-1995", "pulp-fiction", "farewell-my-concubine", "the-piano", "the-best-intentions", "barton-fink", "wild-at-heart", "sex-lies-and-videotape", "pelle-the-conqueror", "under-the-sun-of-satan", "the-mission", "when-father-was-away-on-business", "paris-texas", "the-ballad-of-narayama", "missing", "the-road-1982", "man-of-iron", "kagemusha", "all-that-jazz", "the-tin-drum", "apocalypse-now", "the-tree-of-wooden-clogs", "padre-padrone", "taxi-driver", "chronicle-of-the-years-of-fire", "the-conversation", "scarecrow", "the-hireling", "the-working-class-goes-to-heaven", "the-mattei-affair", "the-go-between-1971", "mash", "if", "blow-up", "a-man-and-a-woman", "the-birds-the-bees-and-the-italians", "the-knack-and-how-to-get-it", "the-umbrellas-of-cherbourg", "the-leopard", "the-given-word", "the-long-absence", "viridiana", "la-dolce-vita", "black-orpheus", "the-cranes-are-flying", "friendly-persuasion", "the-silent-world", "marty", "gate-of-hell", "the-wages-of-fear", "othello-1951", "two-cents-worth-of-hope", "miracle-in-milan", "miss-julie", "the-third-man", "antoine-and-antoinette", "crossfire", "the-damned-1947", "dumbo", "ziegfeld-follies", "rome-open-city", "pastoral-symphony", "torment", "men-without-wings", "red-meadows", "maria-candelaria", "the-last-chance", "neecha-nagar", "the-turning-point-1945", "the-lost-weekend", "brief-encounter", "union-pacific"], "isStats": true, "order": 4, "num": 100}, {"_id": "dvideostor/list/roger-eberts-great-movies", "name": "Roger Ebert\u2019s Great Movies", "uris": ["12-angry-men", "2001-a-space-odyssey", "25th-hour", "3-women", "8-half", "ace-in-the-hole", "adaptation", "the-adventures-of-robin-hood", "after-dark-my-sweet", "after-hours", "the-age-of-innocence", "aguirre-the-wrath-of-god", "ai-artificial-intelligence", "ali-fear-eats-the-soul", "alien", "all-about-eve", "amadeus", "amarcord", "annie-hall", "the-apartment", "apocalypse-now", "pather-panchali", "aparajito", "apur-sansar", "army-of-shadows", "atlantic-city", "au-hasard-balthazar", "au-revoir-les-enfants", "an-autumn-afternoon", "babel-2006", "badlands", "the-ballad-of-narayama-1958", "the-band-wagon", "the-bank-dick", "baraka", "barry-lyndon", "the-battle-of-algiers", "battleship-potemkin", "beat-the-devil", "beauty-and-the-beast", "being-there", "belle-de-jour", "la-belle-noiseuse", "the-best-years-of-our-lives", "bicycle-thieves", "the-big-heat", "the-big-lebowski", "the-big-red-one", "the-big-sleep", "the-birth-of-a-nation", "blade-runner", "blow-up", "the-blue-kite", "bob-le-flambeur", "body-heat", "bonnie-and-clyde", "breathless", "the-bride-of-frankenstein", "the-bridge-on-the-river-kwai", "bring-me-the-head-of-alfredo-garcia", "broken-blossoms-1919", "the-butcher-1970", "the-cabinet-of-dr-caligari-1920", "cabiria", "cache", "casablanca", "cat-people", "la-ceremonie", "un-chien-andalou", "children-of-paradise", "chimes-at-midnight", "chinatown", "chop-shop", "a-christmas-story-1983", "the-circus", "citizen-kane", "city-lights", "cleo-from-5-to-7", "la-collectionneuse", "the-color-purple", "come-and-see", "contact", "the-conversation", "cool-hand-luke", "cries-and-whispers", "crimes-and-misdemeanors", "crumb", "dark-city-1998", "day-for-night", "days-of-heaven", "the-dead", "dekalog", "departures", "detour", "diary-of-a-country-priest", "diary-of-a-lost-girl", "the-discreet-charm-of-the-bourgeoisie", "diva", "do-the-right-thing", "dog-day-afternoon", "dont-look-now", "double-indemnity", "the-double-life-of-veronique", "dr-strangelove-or-how-i-learned-to-stop-worrying-and-love-the-bomb", "dracula", "duck-soup-1933", "et-the-extra-terrestrial", "the-earrings-of-madame-de", "easy-rider", "el-norte", "el-topo", "the-enigma-of-kaspar-hauser", "eternal-sunshine-of-the-spotless-mind", "exotica", "the-exterminating-angel", "the-fall-of-the-house-of-usher", "fanny-and-alexander", "fargo", "faust-1926", "the-firemens-ball", "fitzcarraldo", "five-easy-pieces", "floating-weeds", "forbidden-games-1952", "the-400-blows", "french-cancan", "gates-of-heaven", "the-general", "the-godfather", "the-godfather-part-ii", "goldfinger", "gone-with-the-wind", "the-good-the-bad-and-the-ugly", "goodfellas", "the-gospel-according-to-st-matthew", "grand-illusion", "the-grapes-of-wrath", "grave-of-the-fireflies", "the-great-dictator", "great-expectations", "greed", "the-grey-zone", "groundhog-day", "the-hairdressers-husband", "harakiri", "a-hard-days-night", "heart-of-glass", "hoop-dreams", "house-of-games", "howards-end", "the-hustler", "ikiru", "in-a-lonely-place", "in-cold-blood", "inherit-the-wind", "its-a-wonderful-life", "ivan-the-terrible-part-i", "ivan-the-terrible-part-ii-the-boyars-plot", "jaws", "jfk", "johnny-guitar", "jules-and-jim", "juliet-of-the-spirits", "killer-of-sheep", "the-killing", "kind-hearts-and-coronets", "king-kong", "latalante", "lavventura", "la-confidential", "la-dolce-vita", "the-lady-eve", "the-last-laugh", "the-last-picture-show", "last-tango-in-paris", "the-last-temptation-of-christ", "last-year-at-marienbad", "late-spring", "laura", "lawrence-of-arabia", "le-samourai", "leaving-las-vegas", "leolo", "leon-morin-priest", "the-leopard", "the-life-and-death-of-colonel-blimp", "the-life-of-oharu", "the-long-goodbye", "lost-in-translation", "m", "magnolia", "make-way-for-tomorrow", "the-maltese-falcon-1941", "a-man-escaped", "the-man-who-laughs", "the-man-who-shot-liberty-valance", "man-with-a-movie-camera", "the-manchurian-candidate", "manhattan", "the-marriage-of-maria-braun", "the-match-factory-girl", "mccabe-mrs-miller", "mean-streets", "mephisto", "metropolis", "mishima-a-life-in-four-chapters", "mon-oncle", "mon-oncle-antoine", "my-american-uncle", "monsieur-hire", "moolaade", "moonstruck", "monsieur-hulots-holiday", "mulholland-drive", "the-music-room", "my-darling-clementine", "my-dinner-with-andre", "my-fair-lady", "my-man-godfrey", "my-neighbor-totoro", "mystery-train", "nanook-of-the-north", "nashville", "the-navigator", "network", "night-moves", "the-night-of-the-hunter", "nights-of-cabiria", "nosferatu", "nosferatu-the-vampyre", "notorious", "on-the-waterfront", "one-flew-over-the-cuckoos-nest", "the-only-son", "ordet", "orpheus", "our-hospitality", "out-of-the-past", "pale-flower", "pans-labyrinth", "pandoras-box", "paris-texas", "the-passion-of-joan-of-arc", "paths-of-glory", "patton", "peeping-tom", "persona", "the-phantom-of-the-opera", "pickpocket", "picnic-at-hanging-rock", "pink-floyd-the-wall", "pinocchio", "pixote", "planes-trains-and-automobiles", "playtime", "the-pledge", "a-prairie-home-companion", "the-producers", "psycho", "pulp-fiction", "raging-bull", "raiders-of-the-lost-ark", "raise-the-red-lantern", "ran", "rashomon", "rear-window", "rebel-without-a-cause", "red-beard", "red-river", "the-red-shoes", "richard-iii-1995", "rififi", "the-right-stuff", "rio-bravo", "ripleys-game", "rocco-and-his-brothers", "the-river", "romeo-and-juliet-1968", "the-rules-of-the-game", "safety-last", "samurai-rebellion", "sansho-the-bailiff", "santa-sangre", "saturday-night-fever", "say-anything", "scarface-1983", "the-scarlet-empress", "schindlers-list", "the-searchers", "secrets-lies", "senso", "se7en", "seven-samurai", "the-seventh-seal", "shadow-of-a-doubt", "shane", "the-shawshank-redemption", "the-shining", "shoah", "the-silence-of-the-lambs", "the-silence", "singin-in-the-rain", "smiles-of-a-summer-night", "snow-white-and-the-seven-dwarfs", "solaris", "some-like-it-hot", "souls-for-sale", "the-spirit-of-the-beehive", "spirited-away", "spring-summer-fall-winter-and-spring", "stagecoach", "star-wars", "steamboat-bill-jr", "strangers-on-a-train", "stroszek", "a-sunday-in-the-country", "sunrise-a-song-of-two-humans", "sunset-boulevard", "superman", "sweet-smell-of-success", "swing-time", "a-tale-of-winter", "taxi-driver", "tender-mercies", "the-terrorist-1998", "the-thief-of-bagdad-1940", "the-thin-man", "the-third-man", "three-colours-blue", "three-colours-white", "three-colours-red", "this-is-spinal-tap", "through-a-glass-darkly", "tokyo-story", "top-hat", "touch-of-evil", "touchez-pas-au-grisbi", "the-treasure-of-the-sierra-madre", "triumph-of-the-will", "trouble-in-paradise", "ugetsu", "umberto-d", "unforgiven", "vengeance-is-mine", "veronika-voss", "vertigo", "victim", "viridiana", "vivre-sa-vie", "waking-life", "walkabout", "werckmeister-harmonies", "west-side-story", "what-ever-happened-to-baby-jane", "the-wild-bunch", "wings-of-desire", "winter-light", "withnail-i", "the-wizard-of-oz-1939", "woman-in-the-dunes", "a-woman-under-the-influence", "a-womans-tale", "woodstock", "wr-mysteries-of-the-organism", "written-on-the-wind", "yankee-doodle-dandy", "a-year-of-the-quiet-sun", "yellow-submarine", "yojimbo", "seven-up", "7-plus-seven", "21-up", "28-up", "35-up", "42-up", "duck-amuck", "one-froggy-evening", "whats-opera-doc"], "isStats": true, "order": 10, "num": 378}, {"_id": "jack/list/women-directors-the-official-top-250-narrative", "name": "Top 250 Women-Directed", "uris": ["women-talking", "ode-to-nothing", "to-wong-foo-thanks-for-everything-julie-newmar", "violet-evergarden-eternity-and-the-auto-memory-doll", "a-question-of-silence", "western-2017", "the-way-home", "an-autumns-tale", "friday-night", "things-to-come-2016", "the-girl-from-the-other-side-2022", "american-splendor", "leave-no-trace", "vikram-vedha", "the-hurt-locker", "violet-perfume", "polisse", "girlhood-2014", "the-cambridge-squatter", "rocks-in-my-pockets", "scrapper-2023", "golden-eighties", "la-chimera", "saint-omer", "take-care-of-my-cat", "kuessipan", "white-material", "beauty-and-the-dogs", "the-innocents-2016", "a-league-of-their-own", "old-joy", "american-girl-2021", "sami-blood", "the-swallows-of-kabul", "talvar", "away-from-her", "kings-of-the-world", "mudbound", "i-cant-sleep", "certain-women", "the-forest-for-the-trees", "daughters-of-the-dust", "our-friend", "this-magnificent-cake", "playground-2021", "the-hedgehog", "noise-2022-2", "ticket-of-no-return", "babyteeth", "earth-mama", "madchen-in-uniform", "the-cave-of-the-yellow-dog", "la-cienaga", "orlando", "my-first-summer", "coda-2021", "wajib", "the-piano", "boat-people", "peppermint-soda", "lady-bird", "nomadland", "zindagi-na-milegi-dobara", "salaam-bombay", "shara", "the-selfish-giant-2013", "moral", "working-girls-1986", "are-you-there-god-its-me-margaret", "identifying-features", "chocolat-1988", "divines", "antonias-line", "sweet-bean", "papicha", "the-silences-of-the-palace", "little-fugitive-1953", "brainstorm-2000", "we-need-to-talk-about-kevin", "prayers-for-the-stolen", "an-angel-at-my-table", "close-knit", "fish-tank", "take-out-2004", "honey-boy", "foreign-land", "summerland-2020", "om-shanti-om", "blame-it-on-fidel", "class-relations", "dear-ex", "chilly-scenes-of-winter", "wanda", "the-connection", "moses-and-aaron", "morvern-callar", "blue-jean", "from-the-clouds-to-the-resistance", "the-blue-caftan", "kim-ji-young-born-1982", "bangalore-days", "the-body-remembers-when-the-world-broke-open", "chronicle-of-anna-magdalena-bach", "lullaby-2022-1", "mukhsin", "the-secret-of-kells", "losing-ground", "ninjababy", "all-your-faces", "where-do-we-go-now", "beautiful-thing", "love-according-to-dalva", "helter-skelter-2012", "a-womans-revenge-2012", "wadjda", "sicily", "blood-tea-and-red-string", "cherry-blossoms", "selma", "falcon-lake", "strange-days", "the-virgin-suicides", "yuni", "sambizanga", "i-am-not-a-witch", "antigone-1992", "american-honey", "kamome-diner", "the-forty-year-old-version", "othon", "europa-europa", "desert-hearts", "simone-barbes-or-virtue", "breathe-2014", "little-women-1994", "private-life-2018", "marianne-and-juliane", "dogfight", "little-nicholas-happy-as-can-be", "the-crossing-2021-1", "my-happy-family", "a-girl-walks-home-alone-at-night", "mississippi-masala", "eves-bayou", "a-thousand-and-one", "booksmart", "the-long-farewell-1971", "adoption", "the-girls", "documenteur", "city-of-god", "portrait-of-a-lady-on-fire", "the-ascent", "past-lives", "werckmeister-harmonies", "aftersun", "jeanne-dielman-23-quai-du-commerce-1080-bruxelles", "cleo-from-5-to-7", "quo-vadis-aida", "the-company-of-strangers", "the-turin-horse", "the-matrix", "persepolis", "little-miss-sunshine", "a-silent-voice", "mustang-2015", "little-women-2019", "beau-travail", "bottoms", "jacquot", "the-final-exit-of-the-disciples-of-ascensia", "capernaum", "petite-maman", "le-bonheur", "vagabond", "barbie", "the-farewell-2019", "the-meetings-of-anna", "the-eternal-breasts", "the-second-mother", "out-1", "anatomy-of-a-fall", "house-of-hummingbird", "one-sings-the-other-doesnt", "k-on-the-movie", "dou-kyu-sei-classmates", "shrek", "mikey-and-nicky", "ratcatcher", "the-breadwinner", "us-and-them-2018", "gett-the-trial-of-viviane-amsalem", "daisies", "the-watermelon-woman", "the-world-of-us", "05-mm", "pariah", "love-and-anarchy", "little-forest", "never-rarely-sometimes-always", "the-rider", "but-im-a-cheerleader", "maronas-fantastic-tale", "liz-and-the-blue-bird", "tomboy-2011", "the-adventures-of-prince-achmed", "the-prince-of-egypt", "happy-as-lazzaro", "seven-beauties", "happening", "the-eight-mountains", "bound", "microhabitat", "35-shots-of-rum", "system-crasher", "saving-face", "loving-vincent", "toni-erdmann", "trenque-lauquen", "real-women-have-curves", "rocks-2019", "one-million-yen-girl", "something-useful", "toute-une-nuit", "farha", "birds-of-passage-2018", "a-new-leaf", "fragile-as-the-world", "the-heartbreak-kid-1972", "theater-camp-2023", "the-souvenir-part-ii", "girlfriends-1978", "suzaku", "agatha-and-the-limitless-readings", "first-cow", "american-psycho", "wendy-and-lucy", "born-in-flames", "the-tale", "20th-century-girl", "summer-1993", "shiva-baby-2020", "a-simple-life", "the-tale-of-the-fox", "rye-lane", "the-day-i-became-a-woman", "wings-1966", "lost-in-translation", "slumdog-millionaire", "awakenings"], "isStats": true, "order": 11, "num": 250}, {"_id": "jack/list/black-directors-the-official-top-100-narrative", "name": "Top 100 Black-Directed", "uris": ["spider-man-across-the-spider-verse", "spider-man-into-the-spider-verse", "do-the-right-thing", "moonlight-2016", "malcolm-x-1992", "get-out-2017", "who-killed-captain-alex", "12-years-a-slave", "mangrove-2020", "boyz-n-the-hood", "black-girl-1966", "judas-and-the-black-messiah", "looking-for-langston", "lovers-rock-2020", "hunger", "oh-sun", "personal-problems", "the-watermelon-woman", "hyenas-1992", "this-is-not-a-burial-its-a-resurrection", "pariah", "black-dynamite", "soul-2020", "killer-of-sheep", "blackkklansman", "training-day", "the-little-girl-who-sold-the-sun", "moolaade", "bless-their-little-hearts", "if-beale-street-could-talk", "fruitvale-station", "bad-black", "deep-cover", "to-sleep-with-anger", "rye-lane", "crazy-world-2014", "25th-hour", "the-spook-who-sat-by-the-door", "chameleon-street", "menace-ii-society", "the-story-of-a-three-day-pass", "les-miserables-2019", "mars-one", "shame-2011", "crooklyn", "submarine", "creed", "touki-bouki", "on-the-count-of-three", "losing-ground", "red-white-and-blue-2020", "education-2020", "mandabi", "selma", "sambizanga", "i-am-not-a-witch", "the-forty-year-old-version", "bamboozled", "straight-outta-compton", "eves-bayou", "nope", "a-thousand-and-one", "sometimes-in-april", "saint-omer", "timbuktu-2014", "mudbound", "daughters-of-the-dust", "sorry-to-bother-you", "earth-mama", "coffee-with-cinnamon", "paid-in-full-2002", "the-hate-u-give", "the-killing-floor-1984", "love-jones", "one-false-move", "bamako", "my-brothers-wedding", "the-woman-king", "watermelon-man", "king-richard", "one-night-in-miami", "inside-man", "love-basketball", "yeelen", "coach-carter", "sankofa", "us-2019", "in-the-heart-of-the-world", "devil-in-a-blue-dress", "atlantics-2019", "queen-slim", "top-of-the-heap", "set-it-off", "they-cloned-tyrone", "cooley-high", "black-panther", "get-on-the-bus", "the-boy-who-harnessed-the-wind", "eyimofe-this-is-my-desire", "professor-marston-and-the-wonder-women"], "isStats": true, "order": 12, "num": 100}, {"_id": "jack/list/official-top-250-films-with-the-most-fans", "name": "Top 250 Most Fans", "uris": ["the-lighthouse-2019", "neon-genesis-evangelion-the-end-of-evangelion", "oppenheimer-2023", "the-royal-tenenbaums", "joker-2019", "ferris-buellers-day-off", "get-out-2017", "girl-interrupted", "requiem-for-a-dream", "the-prestige", "jojo-rabbit", "spider-man-no-way-home", "harry-potter-and-the-prisoner-of-azkaban", "paris-texas", "almost-famous", "frances-ha", "scarface-1983", "the-rocky-horror-picture-show", "the-virgin-suicides", "the-princess-bride", "500-days-of-summer", "avengers-endgame", "tangled-2010", "dune-2021", "the-breakfast-club", "pans-labyrinth", "twilight-2008", "superbad", "when-harry-met-sally", "leon-the-professional", "avengers-infinity-war", "cinema-paradiso", "the-good-the-bad-and-the-ugly", "once-upon-a-time-in-hollywood", "jaws", "the-worst-person-in-the-world", "halloween-1978", "memento", "moonrise-kingdom", "the-lord-of-the-rings-the-two-towers", "before-sunset", "akira", "clueless", "juno", "stand-by-me", "hot-fuzz", "the-departed", "shrek-2", "stalker", "the-florida-project", "memories-of-murder", "walle", "dazed-and-confused", "spider-man-2", "raiders-of-the-lost-ark", "the-devil-wears-prada", "mean-girls", "persona", "beautiful-boy-2018", "reservoir-dogs", "my-neighbor-totoro", "heat-1995", "pearl-2022", "the-secret-life-of-walter-mitty-2013", "how-to-train-your-dragon", "children-of-men", "moulin-rouge-2001", "but-im-a-cheerleader", "brokeback-mountain", "kikis-delivery-service", "the-lion-king", "synecdoche-new-york", "one-flew-over-the-cuckoos-nest", "the-witch-2015", "american-beauty", "heathers", "avatar", "schindlers-list", "1917", "eyes-wide-shut", "the-nightmare-before-christmas", "nightcrawler", "carol-2015", "possession", "come-and-see", "casablanca", "gladiator-2000", "vertigo", "ponyo", "a-silent-voice", "rear-window", "magnolia", "terminator-2-judgment-day", "the-hunger-games-catching-fire", "nope", "the-texas-chain-saw-massacre", "psycho", "what-we-do-in-the-shadows", "mommy-2014", "edward-scissorhands", "zodiac", "jennifers-body", "birdman-or-the-unexpected-virtue-of-ignorance", "evil-dead-ii", "mid90s", "phantom-thread", "top-gun-maverick", "its-a-wonderful-life", "babylon-2022", "fargo", "the-notebook", "corpse-bride", "singin-in-the-rain", "amadeus", "into-the-wild", "suspiria", "labyrinth", "manchester-by-the-sea", "it-2017", "uncut-gems", "catch-me-if-you-can-2002", "legally-blonde", "life-is-beautiful", "in-bruges", "suspiria-2018", "seven-samurai", "booksmart", "pitch-perfect", "mysterious-skin", "coco-2017", "captain-america-the-winter-soldier", "dr-strangelove-or-how-i-learned-to-stop-worrying-and-love-the-bomb", "dirty-dancing", "whisper-of-the-heart", "blue-velvet", "return-of-the-jedi", "sound-of-metal", "us-2019", "the-pianist", "shaun-of-the-dead", "boogie-nights", "rocky", "the-lobster", "good-time", "twin-peaks-fire-walk-with-me", "aliens", "y-tu-mama-tambien", "cars", "punch-drunk-love", "the-sound-of-music", "interstellar", "la-la-land", "everything-everywhere-all-at-once", "fight-club", "whiplash-2014", "eternal-sunshine-of-the-spotless-mind", "parasite-2019", "spider-man-into-the-spider-verse", "the-dark-knight", "little-women-2019", "pulp-fiction", "spirited-away", "dead-poets-society", "the-godfather", "the-shawshank-redemption", "pride-prejudice", "the-grand-budapest-hotel", "fantastic-mr-fox", "inception", "howls-moving-castle", "the-perks-of-being-a-wallflower", "scream", "10-things-i-hate-about-you", "goodfellas", "call-me-by-your-name", "coraline", "scott-pilgrim-vs-the-world", "lady-bird", "black-swan", "back-to-the-future", "the-empire-strikes-back", "portrait-of-a-lady-on-fire", "inglourious-basterds", "spider-man-across-the-spider-verse", "before-sunrise", "donnie-darko", "2001-a-space-odyssey", "the-lord-of-the-rings-the-return-of-the-king", "blade-runner-2049", "the-shining", "taxi-driver", "the-truman-show", "little-miss-sunshine", "the-batman", "blade-runner", "forrest-gump", "good-will-hunting", "the-lord-of-the-rings-the-fellowship-of-the-ring", "se7en", "amelie", "midsommar", "kill-bill-vol-1", "aftersun", "arrival-2016", "her", "american-psycho", "gone-girl", "the-thing", "barbie", "mulholland-drive", "jurassic-park", "in-the-mood-for-love", "la-haine", "knives-out-2019", "django-unchained", "mamma-mia", "the-social-network", "the-silence-of-the-lambs", "the-handmaiden", "hereditary", "the-matrix", "princess-mononoke", "star-wars-episode-iii-revenge-of-the-sith", "perfect-blue", "there-will-be-blood", "alien", "a-clockwork-orange", "about-time", "trainspotting", "oldboy", "12-angry-men", "chungking-express", "drive-2011", "moonlight-2016", "shutter-island", "mad-max-fury-road", "ratatouille", "the-big-lebowski", "city-of-god", "no-country-for-old-men", "baby-driver", "titanic-1997", "lost-in-translation", "star-wars", "prisoners", "apocalypse-now", "fallen-angels", "the-wolf-of-wall-street", "the-godfather-part-ii", "your-name"], "isStats": true, "order": 14, "num": 250}]