[{"_id": 620920, "name": "Dwango", "update": {"$date": "2023-08-28T11:38:11.289Z"}, "uri": "dwango"}, {"_id": 952747, "name": "Project 8 Projects", "update": {"$date": "2023-08-28T11:38:11.449Z"}, "uri": "project-8-projects"}, {"_id": 620188, "name": "Fono Roma", "update": {"$date": "2023-08-28T11:38:11.508Z"}, "uri": "fono-roma"}, {"_id": 613808, "name": "Filmes Cinematografica", "update": {"$date": "2023-08-28T11:38:11.567Z"}, "uri": "filmes-cinematografica"}, {"_id": 622649, "name": "Aashirvad Cinemas", "update": {"$date": "2023-08-28T11:38:11.624Z"}, "uri": "aashirvad-cinemas"}, {"_id": 624287, "name": "New World Pictures", "update": {"$date": "2023-08-28T11:38:11.683Z"}, "uri": "new-world-pictures"}, {"_id": 619483, "name": "Laurence Mark Productions", "update": {"$date": "2023-08-28T11:38:11.739Z"}, "uri": "laurence-mark-productions"}, {"_id": 591331, "name": "Salon Films", "update": {"$date": "2023-08-28T11:38:11.798Z"}, "uri": "salon-films"}, {"_id": 734290, "name": "Pop Pictures", "update": {"$date": "2023-08-28T11:38:11.856Z"}, "uri": "pop-pictures"}, {"_id": 620380, "name": "Warner Bros. Animation", "update": {"$date": "2023-08-28T11:38:11.915Z"}, "uri": "warner-bros-animation"}, {"_id": 616044, "name": "Chi-Fou-Mi Productions", "update": {"$date": "2023-08-28T11:38:11.977Z"}, "uri": "chi-fou-mi-productions"}, {"_id": 606227, "name": "Pig Newton", "update": {"$date": "2023-08-28T11:38:12.046Z"}, "uri": "pig-newton"}, {"_id": 586624, "name": "Leverage", "update": {"$date": "2023-08-28T11:38:12.101Z"}, "uri": "leverage"}, {"_id": 605360, "name": "Quaras", "update": {"$date": "2023-08-28T11:38:12.163Z"}, "uri": "quaras"}, {"_id": 619078, "name": "Showbox", "update": {"$date": "2023-08-28T11:38:12.220Z"}, "uri": "showbox"}, {"_id": 618819, "name": "Eros International", "update": {"$date": "2023-08-28T11:38:12.280Z"}, "uri": "eros-international-2"}, {"_id": 955709, "name": "Vinson Films", "update": {"$date": "2023-08-28T11:38:12.342Z"}, "uri": "vinson-films"}, {"_id": 614165, "name": "Don Carmody Productions", "update": {"$date": "2023-08-28T11:38:12.399Z"}, "uri": "don-carmody-productions"}, {"_id": 729724, "name": "Screenplay Films", "update": {"$date": "2023-08-28T11:38:12.462Z"}, "uri": "screenplay-films"}, {"_id": 1243215, "name": "Isobel Griffiths", "update": {"$date": "2023-08-28T11:38:12.519Z"}, "uri": "isobel-griffiths-1"}, {"_id": 610996, "name": "Cine Bazar", "update": {"$date": "2023-08-28T11:38:12.576Z"}, "uri": "cine-bazar"}, {"_id": 613317, "name": "Australian Broadcasting Corporation", "update": {"$date": "2023-08-28T11:38:12.633Z"}, "uri": "australian-broadcasting-corporation"}, {"_id": 597842, "name": "Electronic Arts Intermix", "update": {"$date": "2023-08-28T11:38:12.688Z"}, "uri": "electronic-arts-intermix"}, {"_id": 848801, "name": "Iglu Filmes", "update": {"$date": "2023-08-28T11:38:12.755Z"}, "uri": "iglu-filmes"}, {"_id": 2423886, "name": "Sor Productions", "update": {"$date": "2023-08-28T11:38:12.826Z"}, "uri": "sor-productions"}, {"_id": 1077941, "name": "AGBO", "update": {"$date": "2023-08-28T11:38:12.883Z"}, "uri": "agbo"}, {"_id": 613153, "name": "River Road Entertainment", "update": {"$date": "2023-08-28T11:38:12.942Z"}, "uri": "river-road-entertainment"}, {"_id": 619851, "name": "Galatea Film", "update": {"$date": "2023-08-28T11:38:13.004Z"}, "uri": "galatea-film"}, {"_id": 739311, "name": "KJR Studios", "update": {"$date": "2023-08-28T11:38:13.066Z"}, "uri": "kjr-studios"}, {"_id": 2425034, "name": "DefyNite Films", "update": {"$date": "2023-08-28T11:38:13.122Z"}, "uri": "defynite-films"}, {"_id": 591572, "name": "Ri-Film", "update": {"$date": "2023-08-28T11:38:13.182Z"}, "uri": "ri-film"}, {"_id": 636184, "name": "Burbank Animation Studios", "update": {"$date": "2023-08-28T11:38:13.239Z"}, "uri": "burbank-animation-studios"}, {"_id": 590149, "name": "Ark Media", "update": {"$date": "2023-08-28T11:38:13.296Z"}, "uri": "ark-media"}, {"_id": 596744, "name": "Gladys Glover", "update": {"$date": "2023-08-28T11:38:13.353Z"}, "uri": "gladys-glover"}, {"_id": 622279, "name": "Picrow", "update": {"$date": "2023-08-28T11:38:13.414Z"}, "uri": "picrow-2"}, {"_id": 607404, "name": "BBS Productions", "update": {"$date": "2023-08-28T11:38:13.476Z"}, "uri": "bbs-productions"}, {"_id": 614909, "name": "RKO Pictures LLC", "update": {"$date": "2023-08-28T11:38:13.570Z"}, "uri": "rko-pictures-llc"}, {"_id": 623516, "name": "Nippon Television Network Corporation", "update": {"$date": "2023-08-28T11:38:13.629Z"}, "uri": "nippon-television-network-corporation"}, {"_id": 605899, "name": "Spitfire Pictures", "update": {"$date": "2023-08-28T11:38:13.686Z"}, "uri": "spitfire-pictures"}, {"_id": 614627, "name": "CEPA Audiovisual", "update": {"$date": "2023-08-28T11:38:13.754Z"}, "uri": "cepa-audiovisual-1"}, {"_id": 619403, "name": "Ombra Films", "update": {"$date": "2023-08-28T11:38:13.814Z"}, "uri": "ombra-films"}, {"_id": 816881, "name": "Entertainment 360", "update": {"$date": "2023-08-28T11:38:13.887Z"}, "uri": "entertainment-360"}, {"_id": 618197, "name": "Manenti Film", "update": {"$date": "2023-08-28T11:38:13.954Z"}, "uri": "manenti-film"}, {"_id": 622676, "name": "New Form Digital", "update": {"$date": "2023-08-28T11:38:14.013Z"}, "uri": "new-form-digital"}, {"_id": 606682, "name": "VideoFilmes", "update": {"$date": "2023-08-28T11:38:14.072Z"}, "uri": "videofilmes"}, {"_id": 592733, "name": "Celtic Films Entertainment", "update": {"$date": "2023-08-28T11:38:14.136Z"}, "uri": "celtic-films-entertainment"}, {"_id": 702440, "name": "The Curiosity Company", "update": {"$date": "2023-08-28T11:38:14.196Z"}, "uri": "the-curiosity-company"}, {"_id": 612939, "name": "Universal International Pictures", "update": {"$date": "2023-08-28T11:38:14.253Z"}, "uri": "universal-international-pictures"}, {"_id": 1131605, "name": "Rakuten Viki", "update": {"$date": "2023-08-28T11:38:14.320Z"}, "uri": "rakuten-viki"}, {"_id": 621562, "name": "New Artists Alliance", "update": {"$date": "2023-08-28T11:38:14.376Z"}, "uri": "new-artists-alliance"}, {"_id": 613720, "name": "United Filmmakers Organisation (UFO)", "update": {"$date": "2023-08-28T11:38:14.432Z"}, "uri": "united-filmmakers-organisation-ufo"}, {"_id": 2132754, "name": "MOIN Filmf\u00f6rderung Hamburg Schleswig-Holstein", "update": {"$date": "2023-08-28T11:38:14.489Z"}, "uri": "moin-filmforderung-hamburg-schleswig-holstein"}, {"_id": 839327, "name": "Dagsljus Filmequipment", "update": {"$date": "2023-08-28T11:38:14.549Z"}, "uri": "dagsljus-filmequipment"}, {"_id": 604508, "name": "Closest to the Hole Productions", "update": {"$date": "2023-08-28T11:38:14.605Z"}, "uri": "closest-to-the-hole-productions-1"}, {"_id": 1076836, "name": "Artists First", "update": {"$date": "2023-08-28T11:38:14.663Z"}, "uri": "artists-first"}, {"_id": 615224, "name": "Roger Birnbaum Productions", "update": {"$date": "2023-08-28T11:38:14.733Z"}, "uri": "roger-birnbaum-productions"}, {"_id": 609245, "name": "Minist\u00e8re de la Culture et de la Communication", "update": {"$date": "2023-08-28T11:38:14.794Z"}, "uri": "ministere-de-la-culture-et-de-la-communication"}, {"_id": 606148, "name": "NZ on Air", "update": {"$date": "2023-08-28T11:38:14.853Z"}, "uri": "nz-on-air"}, {"_id": 622971, "name": "Pressman Film", "update": {"$date": "2023-08-28T11:38:14.906Z"}, "uri": "pressman-film"}, {"_id": 620319, "name": "Rodar y Rodar", "update": {"$date": "2023-08-28T11:38:14.960Z"}, "uri": "rodar-y-rodar"}, {"_id": 587513, "name": "Mobra Films", "update": {"$date": "2023-08-28T11:38:15.031Z"}, "uri": "mobra-films"}, {"_id": 968100, "name": "A.S.T.A.R.T.I.", "update": {"$date": "2023-08-28T11:38:15.103Z"}, "uri": "astarti"}, {"_id": 617484, "name": "Crave Films", "update": {"$date": "2023-08-28T11:38:15.162Z"}, "uri": "crave-films"}, {"_id": 618742, "name": "Gary Sanchez Productions", "update": {"$date": "2023-08-28T11:38:15.225Z"}, "uri": "gary-sanchez-productions"}, {"_id": 624476, "name": "Jerry Bruckheimer Films", "update": {"$date": "2023-08-28T11:38:15.282Z"}, "uri": "jerry-bruckheimer-films"}, {"_id": 1002729, "name": "Sree Lakshmi Prasanna Pictures", "update": {"$date": "2023-08-28T11:38:15.347Z"}, "uri": "sree-lakshmi-prasanna-pictures"}, {"_id": 619685, "name": "Baltimore Spring Creek Productions", "update": {"$date": "2023-08-28T11:38:15.417Z"}, "uri": "baltimore-spring-creek-productions"}, {"_id": 780060, "name": "NH Studioz", "update": {"$date": "2023-08-28T11:38:15.480Z"}, "uri": "nh-studioz"}, {"_id": 586545, "name": "Oshima Productions", "update": {"$date": "2023-08-28T11:38:15.536Z"}, "uri": "oshima-productions"}, {"_id": 805169, "name": "The Imaginarium", "update": {"$date": "2023-08-28T11:38:15.596Z"}, "uri": "the-imaginarium-1"}, {"_id": 597322, "name": "Daiei Film", "update": {"$date": "2023-08-28T11:38:15.657Z"}, "uri": "daiei-film"}, {"_id": 617236, "name": "Les Films du Carrosse", "update": {"$date": "2023-08-28T11:38:15.724Z"}, "uri": "les-films-du-carrosse"}, {"_id": 611575, "name": "Atl\u00e1ntida Films", "update": {"$date": "2023-08-28T11:38:15.786Z"}, "uri": "atlantida-films"}, {"_id": 1626514, "name": "Hakuhodo DY Music &amp; Pictures", "update": {"$date": "2023-08-28T11:38:15.922Z"}, "uri": "hakuhodo-dy-music-pictures"}, {"_id": 617580, "name": "Caracol Televisi\u00f3n", "update": {"$date": "2023-08-28T11:38:15.985Z"}, "uri": "caracol-television"}, {"_id": 605347, "name": "Olive Bridge Entertainment", "update": {"$date": "2023-08-28T11:38:16.043Z"}, "uri": "olive-bridge-entertainment"}, {"_id": 1339866, "name": "XRM Media", "update": {"$date": "2023-08-28T11:38:16.104Z"}, "uri": "xrm-media"}, {"_id": 595420, "name": "LIDENFILMS", "update": {"$date": "2023-08-28T11:38:16.163Z"}, "uri": "lidenfilms"}, {"_id": 2425498, "name": "Rolling Hills", "update": {"$date": "2023-08-28T11:38:16.222Z"}, "uri": "rolling-hills"}, {"_id": 1080529, "name": "Hammerstone Studios", "update": {"$date": "2023-08-28T11:38:16.278Z"}, "uri": "hammerstone-studios"}, {"_id": 597564, "name": "Televicine S.A. de C.V.", "update": {"$date": "2023-08-28T11:38:16.334Z"}, "uri": "televicine-sa-de-cv"}, {"_id": 617805, "name": "Casa Kafka Pictures", "update": {"$date": "2023-08-28T11:38:16.543Z"}, "uri": "casa-kafka-pictures"}, {"_id": 624211, "name": "Mattel Playground Productions", "update": {"$date": "2023-08-28T11:38:16.600Z"}, "uri": "mattel-playground-productions"}, {"_id": 1277067, "name": "Bartlebyfilm", "update": {"$date": "2023-08-28T11:38:16.669Z"}, "uri": "bartlebyfilm"}, {"_id": 616810, "name": "Tecisa Film", "update": {"$date": "2023-08-28T11:38:16.730Z"}, "uri": "tecisa-film"}, {"_id": 619647, "name": "Edgar J. Scherick Associates", "update": {"$date": "2023-08-28T11:38:16.786Z"}, "uri": "edgar-j-scherick-associates"}, {"_id": 592915, "name": "ARTE GEIE", "update": {"$date": "2023-08-28T11:38:16.843Z"}, "uri": "arte-geie"}, {"_id": 616918, "name": "Conspira\u00e7\u00e3o Filmes", "update": {"$date": "2023-08-28T11:38:16.905Z"}, "uri": "conspiracao-filmes"}, {"_id": 1797283, "name": "AMedia", "update": {"$date": "2023-08-28T11:38:16.964Z"}, "uri": "amedia-1"}, {"_id": 617365, "name": "Green Hat Films", "update": {"$date": "2023-08-28T11:38:17.041Z"}, "uri": "green-hat-films"}, {"_id": 610636, "name": "Hecht-Lancaster Productions", "update": {"$date": "2023-08-28T11:38:17.106Z"}, "uri": "hecht-lancaster-productions"}, {"_id": 606409, "name": "Right of Way Films", "update": {"$date": "2023-08-28T11:38:17.165Z"}, "uri": "right-of-way-films"}, {"_id": 610414, "name": "North Bank Entertainment", "update": {"$date": "2023-08-28T11:38:17.228Z"}, "uri": "north-bank-entertainment"}, {"_id": 606268, "name": "SR", "update": {"$date": "2023-08-28T11:38:17.297Z"}, "uri": "sr"}, {"_id": 612386, "name": "Animal Logic", "update": {"$date": "2023-08-28T11:38:17.354Z"}, "uri": "animal-logic"}, {"_id": 618278, "name": "Protozoa Pictures", "update": {"$date": "2023-08-28T11:38:17.415Z"}, "uri": "protozoa-pictures"}, {"_id": 617972, "name": "Cerito Films", "update": {"$date": "2023-08-28T11:38:17.500Z"}, "uri": "cerito-films"}, {"_id": 597284, "name": "Standard Film Company", "update": {"$date": "2023-08-28T11:38:17.560Z"}, "uri": "standard-film-company"}, {"_id": 624296, "name": "Clubdeal", "update": {"$date": "2023-08-28T11:38:17.617Z"}, "uri": "clubdeal"}, {"_id": 1134290, "name": "Tribeca Film Institute", "update": {"$date": "2023-08-28T11:38:17.683Z"}, "uri": "tribeca-film-institute"}, {"_id": 623941, "name": "Lumi\u00e8re", "update": {"$date": "2023-08-28T11:38:18.499Z"}, "uri": "lumiere-1"}, {"_id": 615236, "name": "Egoli Tossell Film", "update": {"$date": "2023-08-28T11:38:18.559Z"}, "uri": "egoli-tossell-film"}, {"_id": 607677, "name": "Amma Creations", "update": {"$date": "2023-08-28T11:38:18.617Z"}, "uri": "amma-creations"}, {"_id": 1609333, "name": "CAA Media Finance", "update": {"$date": "2023-08-28T11:38:18.677Z"}, "uri": "caa-media-finance"}, {"_id": 622789, "name": "Anonymous Content", "update": {"$date": "2023-08-28T11:38:18.739Z"}, "uri": "anonymous-content"}, {"_id": 592603, "name": "GFT Entertainment", "update": {"$date": "2023-08-28T11:38:18.813Z"}, "uri": "gft-entertainment"}, {"_id": 602677, "name": "MRP Matila R\u00f6hr Productions", "update": {"$date": "2023-08-28T11:38:18.872Z"}, "uri": "mrp-matila-rohr-productions"}, {"_id": 615689, "name": "Magnolia Pictures", "update": {"$date": "2023-08-28T11:38:18.935Z"}, "uri": "magnolia-pictures"}, {"_id": 1243055, "name": "The Mighty Mint", "update": {"$date": "2023-08-28T11:38:18.997Z"}, "uri": "the-mighty-mint"}, {"_id": 596098, "name": "Miracle Pictures", "update": {"$date": "2023-08-28T11:38:19.060Z"}, "uri": "miracle-pictures"}, {"_id": 616723, "name": "Barwood Films", "update": {"$date": "2023-08-28T11:38:19.118Z"}, "uri": "barwood-films"}, {"_id": 607366, "name": "Block / Hanson", "update": {"$date": "2023-08-28T11:38:19.175Z"}, "uri": "block-hanson"}, {"_id": 617030, "name": "Nadasdy Film", "update": {"$date": "2023-08-28T11:38:19.231Z"}, "uri": "nadasdy-film"}, {"_id": 765113, "name": "Filmland Internacional", "update": {"$date": "2023-08-28T11:38:19.289Z"}, "uri": "filmland-internacional"}, {"_id": 623937, "name": "Paul's Animatograph Works", "update": {"$date": "2023-08-28T11:38:19.349Z"}, "uri": "pauls-animatograph-works"}, {"_id": 622584, "name": "Gorky Film Studios", "update": {"$date": "2023-08-28T11:38:19.404Z"}, "uri": "gorky-film-studios"}, {"_id": 1182290, "name": "Jacob Burns Film Center", "update": {"$date": "2023-08-28T11:38:19.462Z"}, "uri": "jacob-burns-film-center"}, {"_id": 620895, "name": "Mutual Film Company", "update": {"$date": "2023-08-28T11:38:19.520Z"}, "uri": "mutual-film-company"}, {"_id": 612139, "name": "Mutant Enemy Productions", "update": {"$date": "2023-08-28T11:38:19.581Z"}, "uri": "mutant-enemy-productions"}, {"_id": 609823, "name": "Red Bucket Films", "update": {"$date": "2023-08-28T11:38:19.638Z"}, "uri": "red-bucket-films"}, {"_id": 604193, "name": "Francoriz Production", "update": {"$date": "2023-08-28T11:38:19.695Z"}, "uri": "francoriz-production"}, {"_id": 636834, "name": "POSA Films", "update": {"$date": "2023-08-28T11:38:19.753Z"}, "uri": "posa-films"}, {"_id": 726605, "name": "Hope Productions", "update": {"$date": "2023-08-28T11:38:19.811Z"}, "uri": "hope-productions"}, {"_id": 612617, "name": "Red Giant Movies", "update": {"$date": "2023-08-28T11:38:19.868Z"}, "uri": "red-giant-movies-1"}, {"_id": 2423864, "name": "Sego Entertainment", "update": {"$date": "2023-08-28T11:38:19.925Z"}, "uri": "sego-entertainment"}, {"_id": 592873, "name": "Picture Palace", "update": {"$date": "2023-08-28T11:38:19.986Z"}, "uri": "picture-palace"}, {"_id": 622233, "name": "Votiv Films", "update": {"$date": "2023-08-28T11:38:20.043Z"}, "uri": "votiv-films"}, {"_id": 2423904, "name": "Commission du Film France", "update": {"$date": "2023-08-28T11:38:20.122Z"}, "uri": "commission-du-film-france"}, {"_id": 1415198, "name": "Wild Atlantic Pictures", "update": {"$date": "2023-08-28T11:38:20.188Z"}, "uri": "wild-atlantic-pictures"}, {"_id": 1282765, "name": "Steven Cutts Productions", "update": {"$date": "2023-08-28T11:38:20.248Z"}, "uri": "steven-cutts-productions"}, {"_id": 622661, "name": "TF1 Films Production", "update": {"$date": "2023-08-28T11:38:20.307Z"}, "uri": "tf1-films-production-1"}, {"_id": 717829, "name": "TRT", "update": {"$date": "2023-08-28T11:38:20.369Z"}, "uri": "trt"}, {"_id": 2644741, "name": "Soma Film Produktion", "update": {"$date": "2023-08-28T11:38:20.441Z"}, "uri": "soma-film-produktion"}, {"_id": 613387, "name": "Met Film Production", "update": {"$date": "2023-08-28T11:38:20.504Z"}, "uri": "met-film-production"}, {"_id": 606470, "name": "Partizan Films", "update": {"$date": "2023-08-28T11:38:20.594Z"}, "uri": "partizan-films"}, {"_id": 610578, "name": "TSR", "update": {"$date": "2023-08-28T11:38:20.702Z"}, "uri": "tsr-2"}, {"_id": 618252, "name": "Beijing New Picture Film Co. Ltd.", "update": {"$date": "2023-08-28T11:38:20.758Z"}, "uri": "beijing-new-picture-film-co-ltd"}, {"_id": 618475, "name": "Geneon Entertainment", "update": {"$date": "2023-08-28T11:38:20.814Z"}, "uri": "geneon-entertainment"}, {"_id": 1318947, "name": "Mad Entertainment", "update": {"$date": "2023-08-28T11:38:20.870Z"}, "uri": "mad-entertainment-1"}, {"_id": 618366, "name": "Grand Army Entertainment", "update": {"$date": "2023-08-28T11:38:20.929Z"}, "uri": "grand-army-entertainment-1"}, {"_id": 944240, "name": "Novo Pictures", "update": {"$date": "2023-08-28T11:38:21.008Z"}, "uri": "novo-pictures"}, {"_id": 2793020, "name": "Kennedy Miller Mitchell", "update": {"$date": "2023-08-28T11:38:21.070Z"}, "uri": "kennedy-miller-mitchell"}, {"_id": 624243, "name": "Key Pix Productions", "update": {"$date": "2023-08-28T11:38:21.128Z"}, "uri": "key-pix-productions"}, {"_id": 2423726, "name": "Dawliz", "update": {"$date": "2023-08-28T11:38:21.333Z"}, "uri": "dawliz"}, {"_id": 607302, "name": "Patalex III Productions Limited", "update": {"$date": "2023-08-28T11:38:21.392Z"}, "uri": "patalex-iii-productions-limited"}, {"_id": 612764, "name": "Central Pictures", "update": {"$date": "2023-08-28T11:38:21.451Z"}, "uri": "central-pictures"}, {"_id": 1043206, "name": "ANIMA", "update": {"$date": "2023-08-28T11:38:21.515Z"}, "uri": "anima-3"}, {"_id": 616823, "name": "TAFF Pictures", "update": {"$date": "2023-08-28T11:38:21.572Z"}, "uri": "taff-pictures"}, {"_id": 613283, "name": "Bananeira Filmes", "update": {"$date": "2023-08-28T11:38:21.630Z"}, "uri": "bananeira-filmes"}, {"_id": 2423873, "name": "Elcajo Productions", "update": {"$date": "2023-08-28T11:38:21.686Z"}, "uri": "elcajo-productions"}, {"_id": 722049, "name": "International Video 80", "update": {"$date": "2023-08-28T11:38:21.743Z"}, "uri": "international-video-80"}, {"_id": 611998, "name": "Path\u00e9 Productions", "update": {"$date": "2023-08-28T11:38:21.804Z"}, "uri": "pathe-productions"}, {"_id": 735069, "name": "MACRO", "update": {"$date": "2023-08-28T11:38:21.871Z"}, "uri": "macro"}, {"_id": 589526, "name": "Prettybird", "update": {"$date": "2023-08-28T11:38:21.926Z"}, "uri": "prettybird"}, {"_id": 599686, "name": "Infinitum Nihil", "update": {"$date": "2023-08-28T11:38:21.988Z"}, "uri": "infinitum-nihil"}, {"_id": 623811, "name": "DMG Entertainment", "update": {"$date": "2023-08-28T11:38:22.050Z"}, "uri": "dmg-entertainment"}, {"_id": 620523, "name": "Endorfilm", "update": {"$date": "2023-08-28T11:38:22.107Z"}, "uri": "endorfilm"}, {"_id": 600790, "name": "Dago Garc\u00eda Producciones", "update": {"$date": "2023-08-28T11:38:22.162Z"}, "uri": "dago-garcia-producciones"}, {"_id": 623033, "name": "Jim Henson Productions", "update": {"$date": "2023-08-28T11:38:22.219Z"}, "uri": "jim-henson-productions"}, {"_id": 618876, "name": "Proline Film", "update": {"$date": "2023-08-28T11:38:22.274Z"}, "uri": "proline-film"}, {"_id": 624470, "name": "Base Industries Group", "update": {"$date": "2023-08-28T11:38:22.342Z"}, "uri": "base-industries-group"}, {"_id": 623119, "name": "Greenlight Pictures", "update": {"$date": "2023-08-28T11:38:22.398Z"}, "uri": "greenlight-pictures"}, {"_id": 622922, "name": "Intrinsic Value Films", "update": {"$date": "2023-08-28T11:38:22.457Z"}, "uri": "intrinsic-value-films"}, {"_id": 613645, "name": "Echo Films", "update": {"$date": "2023-08-28T11:38:22.513Z"}, "uri": "echo-films"}, {"_id": 600745, "name": "Amuse Pictures", "update": {"$date": "2023-08-28T11:38:22.570Z"}, "uri": "amuse-pictures"}, {"_id": 612703, "name": "Lee Mendelson Film Productions", "update": {"$date": "2023-08-28T11:38:22.626Z"}, "uri": "lee-mendelson-film-productions-1"}, {"_id": 906793, "name": "Obala Art Centar", "update": {"$date": "2023-08-28T11:38:22.686Z"}, "uri": "obala-art-centar"}, {"_id": 623402, "name": "Les Films du Losange", "update": {"$date": "2023-08-28T11:38:22.745Z"}, "uri": "les-films-du-losange"}, {"_id": 620017, "name": "J Storm", "update": {"$date": "2023-08-28T11:38:22.801Z"}, "uri": "j-storm"}, {"_id": 618312, "name": "J.R. Bray Studios", "update": {"$date": "2023-08-28T11:38:22.855Z"}, "uri": "jr-bray-studios"}, {"_id": 620649, "name": "LC Barreto", "update": {"$date": "2023-08-28T11:38:22.912Z"}, "uri": "lc-barreto"}, {"_id": 614127, "name": "FOZ", "update": {"$date": "2023-08-28T11:38:22.968Z"}, "uri": "foz"}, {"_id": 1116243, "name": "Defiant Studios", "update": {"$date": "2023-08-28T11:38:23.027Z"}, "uri": "defiant-studios"}, {"_id": 1190757, "name": "Brentwood Productions", "update": {"$date": "2023-08-28T11:38:23.086Z"}, "uri": "brentwood-productions"}, {"_id": 1179183, "name": "MOVement", "update": {"$date": "2023-08-28T11:38:23.156Z"}, "uri": "movement"}, {"_id": 620580, "name": "Lightbox Entertainment", "update": {"$date": "2023-08-28T11:38:23.214Z"}, "uri": "lightbox-entertainment"}, {"_id": 622585, "name": "Le Bureau", "update": {"$date": "2023-08-28T11:38:23.273Z"}, "uri": "le-bureau"}, {"_id": 603444, "name": "Cecchi Gori Group", "update": {"$date": "2023-08-28T11:38:23.340Z"}, "uri": "cecchi-gori-group"}, {"_id": 618134, "name": "Anto Joseph Film Company", "update": {"$date": "2023-08-28T11:38:23.402Z"}, "uri": "anto-joseph-film-company"}, {"_id": 616500, "name": "Sri Venkateswara Cine Chitra", "update": {"$date": "2023-08-28T11:38:23.474Z"}, "uri": "sri-venkateswara-cine-chitra"}, {"_id": 1392418, "name": "CJ ENM", "update": {"$date": "2023-08-28T11:38:23.547Z"}, "uri": "cj-enm"}, {"_id": 594005, "name": "New Danish Screen", "update": {"$date": "2023-08-28T11:38:23.620Z"}, "uri": "new-danish-screen"}, {"_id": 622714, "name": "Film4 Productions", "update": {"$date": "2023-08-28T11:38:23.686Z"}, "uri": "film4-productions"}, {"_id": 846378, "name": "The Jokers Films", "update": {"$date": "2023-08-28T11:38:23.756Z"}, "uri": "the-jokers-films"}, {"_id": 617052, "name": "Beagle Pug Films", "update": {"$date": "2023-08-28T11:38:23.823Z"}, "uri": "beagle-pug-films"}, {"_id": 595408, "name": "Franklin/Waterman Productions", "update": {"$date": "2023-08-28T11:38:23.895Z"}, "uri": "franklin-waterman-productions"}, {"_id": 844250, "name": "New Leaf Literary &amp; Media", "update": {"$date": "2023-08-28T11:38:23.966Z"}, "uri": "new-leaf-literary-media"}, {"_id": 604138, "name": "Columbus 81 Productions", "update": {"$date": "2023-08-28T11:38:24.034Z"}, "uri": "columbus-81-productions"}, {"_id": 608371, "name": "Paradox Spillefilm", "update": {"$date": "2023-08-28T11:38:24.114Z"}, "uri": "paradox-spillefilm"}, {"_id": 623930, "name": "F Comme Film", "update": {"$date": "2023-08-28T11:38:24.183Z"}, "uri": "f-comme-film"}, {"_id": 610584, "name": "Louis Lewyn Productions", "update": {"$date": "2023-08-28T11:38:24.254Z"}, "uri": "louis-lewyn-productions"}, {"_id": 1243477, "name": "Rideback", "update": {"$date": "2023-08-28T11:38:24.326Z"}, "uri": "rideback"}, {"_id": 611049, "name": "IMA Productions", "update": {"$date": "2023-08-28T11:38:24.395Z"}, "uri": "ima-productions-1"}, {"_id": 623308, "name": "Astral Films", "update": {"$date": "2023-08-28T11:38:24.496Z"}, "uri": "astral-films"}, {"_id": 621519, "name": "Samsa Film", "update": {"$date": "2023-08-28T11:38:24.597Z"}, "uri": "samsa-film"}, {"_id": 618080, "name": "STX Films", "update": {"$date": "2023-08-28T11:38:24.653Z"}, "uri": "stx-films"}, {"_id": 589261, "name": "ITV Central", "update": {"$date": "2023-08-28T11:38:24.711Z"}, "uri": "itv-central"}, {"_id": 590780, "name": "Art Fest", "update": {"$date": "2023-08-28T11:38:24.775Z"}, "uri": "art-fest"}, {"_id": 607883, "name": "Spier Films", "update": {"$date": "2023-08-28T11:38:24.831Z"}, "uri": "spier-films"}, {"_id": 596065, "name": "Tre V\u00e4nner", "update": {"$date": "2023-08-28T11:38:24.886Z"}, "uri": "tre-vanner"}, {"_id": 624129, "name": "Ikiru Films", "update": {"$date": "2023-08-28T11:38:25.902Z"}, "uri": "ikiru-films"}, {"_id": 2424776, "name": "BlockBox Entertainment", "update": {"$date": "2023-08-28T11:38:25.994Z"}, "uri": "blockbox-entertainment"}, {"_id": 615887, "name": "Rog\u00e9rio Sganzerla Produ\u00e7\u00f5es Cinematogr\u00e1ficas", "update": {"$date": "2023-08-28T11:38:26.098Z"}, "uri": "rogerio-sganzerla-producoes-cinematograficas"}, {"_id": 601865, "name": "Georgetown Productions Inc.", "update": {"$date": "2023-08-28T11:38:26.161Z"}, "uri": "georgetown-productions-inc"}, {"_id": 597209, "name": "CG Cin\u00e9ma", "update": {"$date": "2023-08-28T11:38:26.217Z"}, "uri": "cg-cinema-1"}, {"_id": 616371, "name": "The Ontario Film Development Corporation", "update": {"$date": "2023-08-28T11:38:26.276Z"}, "uri": "the-ontario-film-development-corporation"}, {"_id": 936962, "name": "Tang Media Productions", "update": {"$date": "2023-08-28T11:38:26.348Z"}, "uri": "tang-media-productions"}, {"_id": 611131, "name": "EPT", "update": {"$date": "2023-08-28T11:38:26.561Z"}, "uri": "ept"}, {"_id": 622420, "name": "Hemdale Film", "update": {"$date": "2023-08-28T11:38:26.620Z"}, "uri": "hemdale-film"}, {"_id": 621746, "name": "Item 7", "update": {"$date": "2023-08-28T11:38:26.681Z"}, "uri": "item-7-1"}, {"_id": 600344, "name": "Offspring Entertainment", "update": {"$date": "2023-08-28T11:38:26.736Z"}, "uri": "offspring-entertainment"}, {"_id": 617067, "name": "Element Pictures", "update": {"$date": "2023-08-28T11:38:26.798Z"}, "uri": "element-pictures"}, {"_id": 927737, "name": "BH5", "update": {"$date": "2023-08-28T11:38:26.868Z"}, "uri": "bh5"}, {"_id": 621805, "name": "Action Films", "update": {"$date": "2023-08-28T11:38:26.927Z"}, "uri": "action-films"}, {"_id": 1096882, "name": "Nervous Tick", "update": {"$date": "2023-08-28T11:38:26.984Z"}, "uri": "nervous-tick"}, {"_id": 612438, "name": "Curmudgeon Films", "update": {"$date": "2023-08-28T11:38:27.044Z"}, "uri": "curmudgeon-films"}, {"_id": 623566, "name": "APT Entertainment", "update": {"$date": "2023-08-28T11:38:27.106Z"}, "uri": "apt-entertainment"}, {"_id": 617312, "name": "Madras Talkies", "update": {"$date": "2023-08-28T11:38:27.166Z"}, "uri": "madras-talkies"}, {"_id": 588804, "name": "Zinc Entertainment Inc.", "update": {"$date": "2023-08-28T11:38:27.228Z"}, "uri": "zinc-entertainment-inc"}, {"_id": 856936, "name": "UnLTD Productions", "update": {"$date": "2023-08-28T11:38:27.284Z"}, "uri": "unltd-productions"}, {"_id": 617180, "name": "Next Film", "update": {"$date": "2023-08-28T11:38:27.354Z"}, "uri": "next-film"}, {"_id": 619247, "name": "SCOPE Pictures", "update": {"$date": "2023-08-28T11:38:27.415Z"}, "uri": "scope-pictures"}, {"_id": 2430253, "name": "Film Capital Europe Funds (FCEF )", "update": {"$date": "2023-08-28T11:38:27.471Z"}, "uri": "film-capital-europe-funds-fcef"}, {"_id": 598493, "name": "Tiger Aspect", "update": {"$date": "2023-08-28T11:38:27.532Z"}, "uri": "tiger-aspect"}, {"_id": 606280, "name": "Python (Monty) Pictures Limited", "update": {"$date": "2023-08-28T11:38:27.593Z"}, "uri": "python-monty-pictures-limited"}, {"_id": 600649, "name": "Soci\u00e9t\u00e9 Nouvelle de Cin\u00e9matographie", "update": {"$date": "2023-08-28T11:38:27.648Z"}, "uri": "societe-nouvelle-de-cinematographie"}, {"_id": 612413, "name": "Itaca Films", "update": {"$date": "2023-08-28T11:38:27.702Z"}, "uri": "itaca-films"}, {"_id": 588569, "name": "Donner/Shuler-Donner Productions", "update": {"$date": "2023-08-28T11:38:27.758Z"}, "uri": "donner-shuler-donner-productions"}, {"_id": 615550, "name": "Fortress Features", "update": {"$date": "2023-08-28T11:38:27.835Z"}, "uri": "fortress-features"}, {"_id": 587521, "name": "M Productions", "update": {"$date": "2023-08-28T11:38:27.890Z"}, "uri": "m-productions"}, {"_id": 1994121, "name": "Saul Projects", "update": {"$date": "2023-08-28T11:38:27.949Z"}, "uri": "saul-projects"}, {"_id": 623168, "name": "Lucky Monkey Pictures", "update": {"$date": "2023-08-28T11:38:28.006Z"}, "uri": "lucky-monkey-pictures"}, {"_id": 593595, "name": "Newman-Foreman Company", "update": {"$date": "2023-08-28T11:38:28.062Z"}, "uri": "newman-foreman-company"}, {"_id": 621767, "name": "Intermedia Films", "update": {"$date": "2023-08-28T11:38:28.124Z"}, "uri": "intermedia-films"}, {"_id": 598976, "name": "Shanghai Film Group", "update": {"$date": "2023-08-28T11:38:28.182Z"}, "uri": "shanghai-film-group"}, {"_id": 619939, "name": "Platinum Dunes", "update": {"$date": "2023-08-28T11:38:28.239Z"}, "uri": "platinum-dunes"}, {"_id": 2105808, "name": "Bronson Productions", "update": {"$date": "2023-08-28T11:38:28.313Z"}, "uri": "bronson-productions"}, {"_id": 634188, "name": "Showtime Documentary Films", "update": {"$date": "2023-08-28T11:38:28.371Z"}, "uri": "showtime-documentary-films"}, {"_id": 597245, "name": "Finecut", "update": {"$date": "2023-08-28T11:38:28.430Z"}, "uri": "finecut-1"}, {"_id": 615426, "name": "Office Kitano", "update": {"$date": "2023-08-28T11:38:28.489Z"}, "uri": "office-kitano"}, {"_id": 2428176, "name": "All Pictures Media", "update": {"$date": "2023-08-28T11:38:28.548Z"}, "uri": "all-pictures-media"}, {"_id": 903743, "name": "IAC Films", "update": {"$date": "2023-08-28T11:38:28.604Z"}, "uri": "iac-films"}, {"_id": 2703203, "name": "Black &amp; White &amp; Color", "update": {"$date": "2023-08-28T11:38:28.660Z"}, "uri": "black-white-color"}, {"_id": 611204, "name": "SODEC", "update": {"$date": "2023-08-28T11:38:28.716Z"}, "uri": "sodec"}, {"_id": 1119495, "name": "Atoms &amp; Void", "update": {"$date": "2023-08-28T11:38:28.770Z"}, "uri": "atoms-void"}, {"_id": 621077, "name": "Filmakademie Baden-W\u00fcrttemberg", "update": {"$date": "2023-08-28T11:38:28.828Z"}, "uri": "filmakademie-baden-wurttemberg-1"}, {"_id": 610612, "name": "Da Huang Pictures", "update": {"$date": "2023-08-28T11:38:28.883Z"}, "uri": "da-huang-pictures"}, {"_id": 1814487, "name": "Tubi TV", "update": {"$date": "2023-08-28T11:38:28.942Z"}, "uri": "tubi-tv"}, {"_id": 604736, "name": "Antidote Films", "update": {"$date": "2023-08-28T11:38:28.998Z"}, "uri": "antidote-films-1"}, {"_id": 618740, "name": "Allfilm", "update": {"$date": "2023-08-28T11:38:29.053Z"}, "uri": "allfilm"}, {"_id": 597326, "name": "Limelight Fund", "update": {"$date": "2023-08-28T11:38:29.122Z"}, "uri": "limelight-fund"}, {"_id": 596553, "name": "Motto Pictures", "update": {"$date": "2023-08-28T11:38:29.180Z"}, "uri": "motto-pictures"}, {"_id": 624060, "name": "Piccadilly Pictures", "update": {"$date": "2023-08-28T11:38:29.237Z"}, "uri": "piccadilly-pictures"}, {"_id": 587349, "name": "Spring Films", "update": {"$date": "2023-08-28T11:38:29.294Z"}, "uri": "spring-films"}, {"_id": 623544, "name": "DEG", "update": {"$date": "2023-08-28T11:38:29.352Z"}, "uri": "deg-1"}, {"_id": 871779, "name": "Tripod Media", "update": {"$date": "2023-08-28T11:38:29.410Z"}, "uri": "tripod-media"}, {"_id": 590796, "name": "Aardman", "update": {"$date": "2023-08-28T11:38:29.466Z"}, "uri": "aardman"}, {"_id": 616159, "name": "Circle Films", "update": {"$date": "2023-08-28T11:38:29.525Z"}, "uri": "circle-films"}, {"_id": 623629, "name": "Hollywood Media Bridge", "update": {"$date": "2023-08-28T11:38:29.583Z"}, "uri": "hollywood-media-bridge"}, {"_id": 1138367, "name": "Signal.MD", "update": {"$date": "2023-08-28T11:38:29.641Z"}, "uri": "signalmd"}, {"_id": 607502, "name": "Blue Light", "update": {"$date": "2023-08-28T11:38:29.709Z"}, "uri": "blue-light"}, {"_id": 1174114, "name": "KIT Film Studio", "update": {"$date": "2023-08-28T11:38:29.769Z"}, "uri": "kit-film-studio"}, {"_id": 618397, "name": "ZDF", "update": {"$date": "2023-08-28T11:38:29.825Z"}, "uri": "zdf-1"}, {"_id": 597146, "name": "Zesp\u00f3\u0142 Filmowy \"Pryzmat\"", "update": {"$date": "2023-08-28T11:38:29.885Z"}, "uri": "zespo-filmowy-pryzmat"}, {"_id": 602302, "name": "SNL Studios", "update": {"$date": "2023-08-28T11:38:29.943Z"}, "uri": "snl-studios"}, {"_id": 2423868, "name": "Advanced Medien", "update": {"$date": "2023-08-28T11:38:29.998Z"}, "uri": "advanced-medien"}, {"_id": 2238470, "name": "Nigel Bach Productions", "update": {"$date": "2023-08-28T11:38:30.055Z"}, "uri": "nigel-bach-productions-1"}, {"_id": 980020, "name": "Science SARU", "update": {"$date": "2023-08-28T11:38:30.110Z"}, "uri": "science-saru"}, {"_id": 723715, "name": "Anandi Art Creations", "update": {"$date": "2023-08-28T11:38:30.178Z"}, "uri": "anandi-art-creations"}, {"_id": 621373, "name": "Neo Art &amp; Logic", "update": {"$date": "2023-08-28T11:38:30.236Z"}, "uri": "neo-art-logic"}, {"_id": 619667, "name": "Gratitude International", "update": {"$date": "2023-08-28T11:38:30.292Z"}, "uri": "gratitude-international"}, {"_id": 619902, "name": "Cinema Dal", "update": {"$date": "2023-08-28T11:38:30.348Z"}, "uri": "cinema-dal"}, {"_id": 617597, "name": "The Kennedy/Marshall Company", "update": {"$date": "2023-08-28T11:38:30.410Z"}, "uri": "the-kennedy-marshall-company"}, {"_id": 598275, "name": "The Ink Connection", "update": {"$date": "2023-08-28T11:38:30.466Z"}, "uri": "the-ink-connection"}, {"_id": 720072, "name": "Code Red", "update": {"$date": "2023-08-28T11:38:30.522Z"}, "uri": "code-red"}, {"_id": 590812, "name": "Wall to Wall", "update": {"$date": "2023-08-28T11:38:30.579Z"}, "uri": "wall-to-wall"}, {"_id": 620003, "name": "Signature Pictures", "update": {"$date": "2023-08-28T11:38:30.634Z"}, "uri": "signature-pictures"}, {"_id": 613833, "name": "Sci Fi Pictures", "update": {"$date": "2023-08-28T11:38:30.692Z"}, "uri": "sci-fi-pictures"}, {"_id": 2423816, "name": "American Werewolf Inc.", "update": {"$date": "2023-08-28T11:38:30.750Z"}, "uri": "american-werewolf-inc"}, {"_id": 611486, "name": "Alphaville Films", "update": {"$date": "2023-08-28T11:38:30.809Z"}, "uri": "alphaville-films"}, {"_id": 612544, "name": "Pioneer LDC", "update": {"$date": "2023-08-28T11:38:30.866Z"}, "uri": "pioneer-ldc"}, {"_id": 620695, "name": "The 7th Floor", "update": {"$date": "2023-08-28T11:38:30.925Z"}, "uri": "the-7th-floor"}, {"_id": 609513, "name": "Yer Dead Productions", "update": {"$date": "2023-08-28T11:38:30.982Z"}, "uri": "yer-dead-productions"}, {"_id": 1042264, "name": "BBC Music", "update": {"$date": "2023-08-28T11:38:31.042Z"}, "uri": "bbc-music"}, {"_id": 611980, "name": "Atlantik Film", "update": {"$date": "2023-08-28T11:38:31.099Z"}, "uri": "atlantik-film"}, {"_id": 1018723, "name": "Warner Bros. Film Productions Germany", "update": {"$date": "2023-08-28T11:38:31.153Z"}, "uri": "warner-bros-film-productions-germany-1"}, {"_id": 605565, "name": "Kurtzman/Orci", "update": {"$date": "2023-08-28T11:38:31.208Z"}, "uri": "kurtzman-orci"}, {"_id": 779080, "name": "Avni Movies", "update": {"$date": "2023-08-28T11:38:31.268Z"}, "uri": "avni-movies"}, {"_id": 613239, "name": "Minist\u00e8re de la culture", "update": {"$date": "2023-08-28T11:38:31.323Z"}, "uri": "ministere-de-la-culture"}, {"_id": 1909835, "name": "Astrakan Films AB", "update": {"$date": "2023-08-28T11:38:31.379Z"}, "uri": "astrakan-films-ab"}, {"_id": 612513, "name": "Majestic Films International", "update": {"$date": "2023-08-28T11:38:31.442Z"}, "uri": "majestic-films-international-1"}, {"_id": 621630, "name": "Enrique Cerezo", "update": {"$date": "2023-08-28T11:38:31.646Z"}, "uri": "enrique-cerezo-2"}, {"_id": 1574641, "name": "Brace Cove Productions", "update": {"$date": "2023-08-28T11:38:31.700Z"}, "uri": "brace-cove-productions"}, {"_id": 619766, "name": "Kumar Mobiliengesellschaft mbH &amp; Co. Projekt Nr. 3 KG", "update": {"$date": "2023-08-28T11:38:31.757Z"}, "uri": "kumar-mobiliengesellschaft-mbh-co-projekt-nr-3-kg"}, {"_id": 607460, "name": "Homegreen Films", "update": {"$date": "2023-08-28T11:38:31.814Z"}, "uri": "homegreen-films"}, {"_id": 622596, "name": "Atlantis Films", "update": {"$date": "2023-08-28T11:38:31.869Z"}, "uri": "atlantis-films"}, {"_id": 643804, "name": "Den Danske Filmskole", "update": {"$date": "2023-08-28T11:38:31.926Z"}, "uri": "den-danske-filmskole"}, {"_id": 620901, "name": "Courtside Seats Productions", "update": {"$date": "2023-08-28T11:38:31.982Z"}, "uri": "courtside-seats-productions"}, {"_id": 594706, "name": "Comme des Cin\u00e9mas", "update": {"$date": "2023-08-28T11:38:32.039Z"}, "uri": "comme-des-cinemas-1"}, {"_id": 595052, "name": "Sociedad General de Televisi\u00f3n (Sogetel)", "update": {"$date": "2023-08-28T11:38:32.101Z"}, "uri": "sociedad-general-de-television-sogetel"}, {"_id": 616987, "name": "Filmirage", "update": {"$date": "2023-08-28T11:38:32.939Z"}, "uri": "filmirage"}, {"_id": 609302, "name": "Groucho II Film Partnership", "update": {"$date": "2023-08-28T11:38:33.005Z"}, "uri": "groucho-ii-film-partnership"}, {"_id": 596698, "name": "Central Partnership", "update": {"$date": "2023-08-28T11:38:33.061Z"}, "uri": "central-partnership-1"}, {"_id": 619316, "name": "Hunnia Filmst\u00fadi\u00f3", "update": {"$date": "2023-08-28T11:38:33.120Z"}, "uri": "hunnia-filmstudio-1"}, {"_id": 618746, "name": "Dunav Film", "update": {"$date": "2023-08-28T11:38:33.182Z"}, "uri": "dunav-film"}, {"_id": 608356, "name": "Witt/Thomas Productions", "update": {"$date": "2023-08-28T11:38:33.237Z"}, "uri": "witt-thomas-productions"}, {"_id": 622234, "name": "Lifetime", "update": {"$date": "2023-08-28T11:38:33.295Z"}, "uri": "lifetime"}, {"_id": 825842, "name": "DMC Film", "update": {"$date": "2023-08-28T11:38:33.354Z"}, "uri": "dmc-film"}, {"_id": 586651, "name": "One America", "update": {"$date": "2023-08-28T11:38:33.410Z"}, "uri": "one-america"}, {"_id": 612478, "name": "Universal Music Group", "update": {"$date": "2023-08-28T11:38:33.465Z"}, "uri": "universal-music-group"}, {"_id": 1026442, "name": "Roma Lazio Film Commission", "update": {"$date": "2023-08-28T11:38:33.524Z"}, "uri": "roma-lazio-film-commission"}, {"_id": 1000169, "name": "Abhishek Pictures", "update": {"$date": "2023-08-28T11:38:33.582Z"}, "uri": "abhishek-pictures"}, {"_id": 613597, "name": "Baltimore Pictures", "update": {"$date": "2023-08-28T11:38:33.643Z"}, "uri": "baltimore-pictures"}, {"_id": 619516, "name": "Dark Sky Films", "update": {"$date": "2023-08-28T11:38:33.700Z"}, "uri": "dark-sky-films-1"}, {"_id": 621847, "name": "Artina Films", "update": {"$date": "2023-08-28T11:38:33.755Z"}, "uri": "artina-films"}, {"_id": 613023, "name": "Causeway Films", "update": {"$date": "2023-08-28T11:38:33.811Z"}, "uri": "causeway-films"}, {"_id": 619175, "name": "Capitol Films", "update": {"$date": "2023-08-28T11:38:33.868Z"}, "uri": "capitol-films"}, {"_id": 619886, "name": "O Entertainment", "update": {"$date": "2023-08-28T11:38:33.924Z"}, "uri": "o-entertainment"}, {"_id": 1317933, "name": "Square Peg", "update": {"$date": "2023-08-28T11:38:34.001Z"}, "uri": "square-peg"}, {"_id": 602313, "name": "AVM Productions", "update": {"$date": "2023-08-28T11:38:34.058Z"}, "uri": "avm-productions-1"}, {"_id": 606478, "name": "Digital Interference Productions", "update": {"$date": "2023-08-28T11:38:34.114Z"}, "uri": "digital-interference-productions"}, {"_id": 615248, "name": "Madragoa Filmes", "update": {"$date": "2023-08-28T11:38:34.169Z"}, "uri": "madragoa-filmes"}, {"_id": 597542, "name": "Laurel Entertainment", "update": {"$date": "2023-08-28T11:38:34.225Z"}, "uri": "laurel-entertainment"}, {"_id": 601384, "name": "Optimum Productions", "update": {"$date": "2023-08-28T11:38:34.283Z"}, "uri": "optimum-productions"}, {"_id": 1145300, "name": "Shebin Backer Films", "update": {"$date": "2023-08-28T11:38:34.341Z"}, "uri": "shebin-backer-films"}, {"_id": 695175, "name": "PASTO", "update": {"$date": "2023-08-28T11:38:34.399Z"}, "uri": "pasto"}, {"_id": 607170, "name": "Zero Gravity Management", "update": {"$date": "2023-08-28T11:38:34.453Z"}, "uri": "zero-gravity-management"}, {"_id": 1053232, "name": "Soham Rockstar Entertainment", "update": {"$date": "2023-08-28T11:38:34.508Z"}, "uri": "soham-rockstar-entertainment"}, {"_id": 591921, "name": "WV Films IV", "update": {"$date": "2023-08-28T11:38:34.566Z"}, "uri": "wv-films-iv"}, {"_id": 624282, "name": "Path\u00e9 Entertainment", "update": {"$date": "2023-08-28T11:38:34.621Z"}, "uri": "pathe-entertainment"}, {"_id": 594459, "name": "Island World", "update": {"$date": "2023-08-28T11:38:34.676Z"}, "uri": "island-world"}, {"_id": 1008681, "name": "The SPA Studios", "update": {"$date": "2023-08-28T11:38:34.742Z"}, "uri": "the-spa-studios"}, {"_id": 733658, "name": "Black Bicycle Entertainment", "update": {"$date": "2023-08-28T11:38:34.797Z"}, "uri": "black-bicycle-entertainment"}, {"_id": 601860, "name": "Garagefilm International", "update": {"$date": "2023-08-28T11:38:34.852Z"}, "uri": "garagefilm-international"}, {"_id": 1760872, "name": "The Danish Film Institute", "update": {"$date": "2023-08-28T11:38:34.907Z"}, "uri": "the-danish-film-institute"}, {"_id": 622586, "name": "TF1 International", "update": {"$date": "2023-08-28T11:38:34.965Z"}, "uri": "tf1-international"}, {"_id": 612056, "name": "P.A.C.", "update": {"$date": "2023-08-28T11:38:35.020Z"}, "uri": "pac"}, {"_id": 1345602, "name": "BuzzFeed Studios", "update": {"$date": "2023-08-28T11:38:35.077Z"}, "uri": "buzzfeed-studios"}, {"_id": 613049, "name": "SBS", "update": {"$date": "2023-08-28T11:38:35.135Z"}, "uri": "sbs-2"}, {"_id": 595911, "name": "UGC Distribution", "update": {"$date": "2023-08-28T11:38:35.202Z"}, "uri": "ugc-distribution"}, {"_id": 612368, "name": "Zanuck/Brown Productions", "update": {"$date": "2023-08-28T11:38:35.259Z"}, "uri": "zanuck-brown-productions"}, {"_id": 612911, "name": "Intercapital", "update": {"$date": "2023-08-28T11:38:35.314Z"}, "uri": "intercapital"}, {"_id": 626302, "name": "Narsimha Enterprises", "update": {"$date": "2023-08-28T11:38:35.369Z"}, "uri": "narsimha-enterprises"}, {"_id": 1027958, "name": "Sreda", "update": {"$date": "2023-08-28T11:38:35.426Z"}, "uri": "sreda"}, {"_id": 1552625, "name": "Rainmaker Films", "update": {"$date": "2023-08-28T11:38:35.489Z"}, "uri": "rainmaker-films-3"}, {"_id": 606030, "name": "Chez Wam", "update": {"$date": "2023-08-28T11:38:35.544Z"}, "uri": "chez-wam"}, {"_id": 621911, "name": "CoBo Fonds", "update": {"$date": "2023-08-28T11:38:35.599Z"}, "uri": "cobo-fonds"}, {"_id": 597807, "name": "Desvia", "update": {"$date": "2023-08-28T11:38:35.656Z"}, "uri": "desvia"}, {"_id": 592042, "name": "Cin\u00e9max", "update": {"$date": "2023-08-28T11:38:35.713Z"}, "uri": "cinemax"}, {"_id": 602653, "name": "SRG SSR", "update": {"$date": "2023-08-28T11:38:35.770Z"}, "uri": "srg-ssr"}, {"_id": 602235, "name": "Les Films Gib\u00e9", "update": {"$date": "2023-08-28T11:38:35.825Z"}, "uri": "les-films-gibe"}, {"_id": 823973, "name": "Abundantia Entertainment", "update": {"$date": "2023-08-28T11:38:35.880Z"}, "uri": "abundantia-entertainment"}, {"_id": 1067806, "name": "Vega Investments", "update": {"$date": "2023-08-28T11:38:36.081Z"}, "uri": "vega-investments"}, {"_id": 622966, "name": "Solar Productions", "update": {"$date": "2023-08-28T11:38:36.137Z"}, "uri": "solar-productions"}, {"_id": 1042128, "name": "Create NSW", "update": {"$date": "2023-08-28T11:38:36.197Z"}, "uri": "create-nsw"}, {"_id": 622684, "name": "Pulse Films", "update": {"$date": "2023-08-28T11:38:36.253Z"}, "uri": "pulse-films"}, {"_id": 1275545, "name": "Sam Katzman Productions", "update": {"$date": "2023-08-28T11:38:36.310Z"}, "uri": "sam-katzman-productions"}, {"_id": 623196, "name": "ZED", "update": {"$date": "2023-08-28T11:38:36.366Z"}, "uri": "zed"}, {"_id": 622669, "name": "IFC Productions", "update": {"$date": "2023-08-28T11:38:36.426Z"}, "uri": "ifc-productions"}, {"_id": 619708, "name": "Film Council", "update": {"$date": "2023-08-28T11:38:36.482Z"}, "uri": "film-council"}, {"_id": 617149, "name": "Wizart Animation", "update": {"$date": "2023-08-28T11:38:36.539Z"}, "uri": "wizart-animation"}, {"_id": 611321, "name": "Bando \u00e0 Parte", "update": {"$date": "2023-08-28T11:38:36.597Z"}, "uri": "bando-a-parte"}, {"_id": 600478, "name": "October Pictures", "update": {"$date": "2023-08-28T11:38:36.651Z"}, "uri": "october-pictures"}, {"_id": 616101, "name": "Quickfire Films", "update": {"$date": "2023-08-28T11:38:36.707Z"}, "uri": "quickfire-films"}, {"_id": 672164, "name": "Vulcan Productions", "update": {"$date": "2023-08-28T11:38:36.766Z"}, "uri": "vulcan-productions"}, {"_id": 2655743, "name": "Pr\u00e9nom H Co. Ltd.", "update": {"$date": "2023-08-28T11:38:36.823Z"}, "uri": "prenom-h-co-ltd"}, {"_id": 610772, "name": "Legend3D", "update": {"$date": "2023-08-28T11:38:36.880Z"}, "uri": "legend3d"}, {"_id": 1763335, "name": "JHF Productions", "update": {"$date": "2023-08-28T11:38:36.937Z"}, "uri": "jhf-productions"}, {"_id": 587102, "name": "Ponto Filmes", "update": {"$date": "2023-08-28T11:38:36.992Z"}, "uri": "ponto-filmes"}, {"_id": 596423, "name": "Lo Wei Motion Picture Co.", "update": {"$date": "2023-08-28T11:38:37.048Z"}, "uri": "lo-wei-motion-picture-co"}, {"_id": 1243207, "name": "Chartoff-Winkler Productions", "update": {"$date": "2023-08-28T11:38:37.108Z"}, "uri": "chartoff-winkler-productions"}, {"_id": 876660, "name": "Citizen Skull Productions", "update": {"$date": "2023-08-28T11:38:37.162Z"}, "uri": "citizen-skull-productions"}, {"_id": 1488479, "name": "Mad Hatter Entertainment", "update": {"$date": "2023-08-28T11:38:37.222Z"}, "uri": "mad-hatter-entertainment"}, {"_id": 586675, "name": "Sunbow Productions", "update": {"$date": "2023-08-28T11:38:37.278Z"}, "uri": "sunbow-productions"}, {"_id": 589891, "name": "Nostromo Pictures", "update": {"$date": "2023-08-28T11:38:37.335Z"}, "uri": "nostromo-pictures"}, {"_id": 615520, "name": "New Concorde", "update": {"$date": "2023-08-28T11:38:37.392Z"}, "uri": "new-concorde-1"}, {"_id": 598262, "name": "A113", "update": {"$date": "2023-08-28T11:38:37.451Z"}, "uri": "a113"}, {"_id": 588871, "name": "Fearmakers Studios", "update": {"$date": "2023-08-28T11:38:37.506Z"}, "uri": "fearmakers-studios"}, {"_id": 621623, "name": "Filmes do Tejo", "update": {"$date": "2023-08-28T11:38:37.562Z"}, "uri": "filmes-do-tejo"}, {"_id": 623657, "name": "Filmax Entertainment", "update": {"$date": "2023-08-28T11:38:37.620Z"}, "uri": "filmax-entertainment"}, {"_id": 604217, "name": "Banfilm", "update": {"$date": "2023-08-28T11:38:37.675Z"}, "uri": "banfilm"}, {"_id": 610353, "name": "Olga Film GmbH", "update": {"$date": "2023-08-28T11:38:37.732Z"}, "uri": "olga-film-gmbh"}, {"_id": 593168, "name": "Chrysler Corporation", "update": {"$date": "2023-08-28T11:38:37.788Z"}, "uri": "chrysler-corporation"}, {"_id": 617047, "name": "Carnival Films", "update": {"$date": "2023-08-28T11:38:37.847Z"}, "uri": "carnival-films"}, {"_id": 623709, "name": "Edgewood Entertainment", "update": {"$date": "2023-08-28T11:38:37.902Z"}, "uri": "edgewood-entertainment"}, {"_id": 621692, "name": "Figment Films", "update": {"$date": "2023-08-28T11:38:37.961Z"}, "uri": "figment-films"}, {"_id": 624072, "name": "Fridthjof Film", "update": {"$date": "2023-08-28T11:38:38.016Z"}, "uri": "fridthjof-film-2"}, {"_id": 589741, "name": "Cond\u00e9 Nast Entertainment", "update": {"$date": "2023-08-28T11:38:38.073Z"}, "uri": "conde-nast-entertainment"}, {"_id": 606145, "name": "Asahi Broadcasting Corporation", "update": {"$date": "2023-08-28T11:38:38.130Z"}, "uri": "asahi-broadcasting-corporation"}, {"_id": 621324, "name": "Brooksfilms", "update": {"$date": "2023-08-28T11:38:38.201Z"}, "uri": "brooksfilms"}, {"_id": 2089671, "name": "HYBE", "update": {"$date": "2023-08-28T11:38:38.256Z"}, "uri": "hybe"}, {"_id": 621037, "name": "First Floor Features", "update": {"$date": "2023-08-28T11:38:38.312Z"}, "uri": "first-floor-features"}, {"_id": 588242, "name": "Panamericana de Producciones", "update": {"$date": "2023-08-28T11:38:38.367Z"}, "uri": "panamericana-de-producciones"}, {"_id": 588385, "name": "Specialty Films", "update": {"$date": "2023-08-28T11:38:38.424Z"}, "uri": "specialty-films"}, {"_id": 599534, "name": "Compass International Pictures", "update": {"$date": "2023-08-28T11:38:38.483Z"}, "uri": "compass-international-pictures"}, {"_id": 617277, "name": "Arwin Productions", "update": {"$date": "2023-08-28T11:38:38.541Z"}, "uri": "arwin-productions"}, {"_id": 1155746, "name": "Daemyung Culture Factory", "update": {"$date": "2023-08-28T11:38:38.597Z"}, "uri": "daemyung-culture-factory"}, {"_id": 588914, "name": "Ekran", "update": {"$date": "2023-08-28T11:38:38.659Z"}, "uri": "ekran-1"}, {"_id": 2424718, "name": "Gulf Film", "update": {"$date": "2023-08-28T11:38:38.717Z"}, "uri": "gulf-film"}, {"_id": 2429362, "name": "Fabula", "update": {"$date": "2023-08-28T11:38:38.774Z"}, "uri": "fabula-1"}, {"_id": 604851, "name": "Finnish Film Foundation", "update": {"$date": "2023-08-28T11:38:39.635Z"}, "uri": "finnish-film-foundation"}, {"_id": 617000, "name": "FilmFondet Fuzz", "update": {"$date": "2023-08-28T11:38:39.699Z"}, "uri": "filmfondet-fuzz"}, {"_id": 1050539, "name": "Kira B.M. Films", "update": {"$date": "2023-08-28T11:38:39.753Z"}, "uri": "kira-bm-films"}, {"_id": 623330, "name": "Ostlicht Filmproduktion", "update": {"$date": "2023-08-28T11:38:39.811Z"}, "uri": "ostlicht-filmproduktion"}, {"_id": 609252, "name": "Huayi Brothers Pictures", "update": {"$date": "2023-08-28T11:38:39.876Z"}, "uri": "huayi-brothers-pictures-1"}, {"_id": 599136, "name": "A Contracorriente Films", "update": {"$date": "2023-08-28T11:38:39.930Z"}, "uri": "a-contracorriente-films"}, {"_id": 894233, "name": "Well Go USA Entertainment", "update": {"$date": "2023-08-28T11:38:39.988Z"}, "uri": "well-go-usa-entertainment"}, {"_id": 589927, "name": "GoodTimes Entertainment", "update": {"$date": "2023-08-28T11:38:40.044Z"}, "uri": "goodtimes-entertainment-1"}, {"_id": 623018, "name": "Van Beuren Studios", "update": {"$date": "2023-08-28T11:38:40.104Z"}, "uri": "van-beuren-studios"}, {"_id": 604310, "name": "Paris Film Productions", "update": {"$date": "2023-08-28T11:38:40.158Z"}, "uri": "paris-film-productions"}, {"_id": 620626, "name": "Number 9 Films", "update": {"$date": "2023-08-28T11:38:40.216Z"}, "uri": "number-9-films"}, {"_id": 606330, "name": "K/O Paper Products", "update": {"$date": "2023-08-28T11:38:40.275Z"}, "uri": "k-o-paper-products"}, {"_id": 1280539, "name": "Archivio Audiovisivo del Movimento Operaio e Democratico", "update": {"$date": "2023-08-28T11:38:40.330Z"}, "uri": "archivio-audiovisivo-del-movimento-operaio-e-democratico"}, {"_id": 615861, "name": "Pearl Street Films", "update": {"$date": "2023-08-28T11:38:40.385Z"}, "uri": "pearl-street-films"}, {"_id": 623897, "name": "Rom\u00e2nia Film", "update": {"$date": "2023-08-28T11:38:40.441Z"}, "uri": "romania-film-1"}, {"_id": 1966216, "name": "Sonilude", "update": {"$date": "2023-08-28T11:38:40.662Z"}, "uri": "sonilude"}, {"_id": 593001, "name": "Sputnik", "update": {"$date": "2023-08-28T11:38:40.721Z"}, "uri": "sputnik"}, {"_id": 623668, "name": "Ukbar Filmes", "update": {"$date": "2023-08-28T11:38:40.775Z"}, "uri": "ukbar-filmes"}, {"_id": 613937, "name": "Staragara", "update": {"$date": "2023-08-28T11:38:40.834Z"}, "uri": "staragara"}, {"_id": 604907, "name": "Total Entertainment", "update": {"$date": "2023-08-28T11:38:40.889Z"}, "uri": "total-entertainment-1"}, {"_id": 615142, "name": "DreamWorks Pictures", "update": {"$date": "2023-08-28T11:38:40.944Z"}, "uri": "dreamworks-pictures"}, {"_id": 624660, "name": "Image Forum", "update": {"$date": "2023-08-28T11:38:41.002Z"}, "uri": "image-forum"}, {"_id": 616264, "name": "Sanzigen", "update": {"$date": "2023-08-28T11:38:41.059Z"}, "uri": "sanzigen"}, {"_id": 618850, "name": "MICA Entertainment", "update": {"$date": "2023-08-28T11:38:41.129Z"}, "uri": "mica-entertainment"}, {"_id": 603902, "name": "Double Feature Films", "update": {"$date": "2023-08-28T11:38:41.185Z"}, "uri": "double-feature-films"}, {"_id": 602192, "name": "Kokers Films", "update": {"$date": "2023-08-28T11:38:41.252Z"}, "uri": "kokers-films"}, {"_id": 1171111, "name": "Acemaker Movieworks", "update": {"$date": "2023-08-28T11:38:41.308Z"}, "uri": "acemaker-movieworks"}, {"_id": 749262, "name": "Konidela Production Company", "update": {"$date": "2023-08-28T11:38:41.395Z"}, "uri": "konidela-production-company"}, {"_id": 620357, "name": "IMAX", "update": {"$date": "2023-08-28T11:38:41.455Z"}, "uri": "imax"}, {"_id": 1127272, "name": "Nouvago Capital", "update": {"$date": "2023-08-28T11:38:41.522Z"}, "uri": "nouvago-capital"}, {"_id": 598598, "name": "Internationale Filmproduktion Blackbird Dritte", "update": {"$date": "2023-08-28T11:38:41.577Z"}, "uri": "internationale-filmproduktion-blackbird-dritte"}, {"_id": 622887, "name": "Forecast Pictures", "update": {"$date": "2023-08-28T11:38:41.632Z"}, "uri": "forecast-pictures"}, {"_id": 615877, "name": "United Plankton Pictures", "update": {"$date": "2023-08-28T11:38:41.691Z"}, "uri": "united-plankton-pictures-1"}, {"_id": 617347, "name": "Win's Movie Productions", "update": {"$date": "2023-08-28T11:38:41.748Z"}, "uri": "wins-movie-productions"}, {"_id": 608524, "name": "Film Costellazione", "update": {"$date": "2023-08-28T11:38:41.805Z"}, "uri": "film-costellazione"}, {"_id": 608640, "name": "Kudos", "update": {"$date": "2023-08-28T11:38:41.865Z"}, "uri": "kudos"}, {"_id": 696657, "name": "Shintoho Pictures", "update": {"$date": "2023-08-28T11:38:41.923Z"}, "uri": "shintoho-pictures"}, {"_id": 709717, "name": "Saban Films", "update": {"$date": "2023-08-28T11:38:41.988Z"}, "uri": "saban-films"}, {"_id": 596797, "name": "Lyla Films", "update": {"$date": "2023-08-28T11:38:42.053Z"}, "uri": "lyla-films"}, {"_id": 598092, "name": "Film i Sk\u00e5ne", "update": {"$date": "2023-08-28T11:38:42.119Z"}, "uri": "film-i-skane"}, {"_id": 589063, "name": "The Jacobson Company", "update": {"$date": "2023-08-28T11:38:42.175Z"}, "uri": "the-jacobson-company"}, {"_id": 608698, "name": "Pooja Entertainment", "update": {"$date": "2023-08-28T11:38:42.234Z"}, "uri": "pooja-entertainment-1"}, {"_id": 857066, "name": "David Production", "update": {"$date": "2023-08-28T11:38:42.291Z"}, "uri": "david-production"}, {"_id": 615233, "name": "21 Laps Entertainment", "update": {"$date": "2023-08-28T11:38:42.350Z"}, "uri": "21-laps-entertainment"}, {"_id": 2429194, "name": "Seaside Entertainment", "update": {"$date": "2023-08-28T11:38:42.415Z"}, "uri": "seaside-entertainment"}, {"_id": 593405, "name": "El Viaje Films", "update": {"$date": "2023-08-28T11:38:42.476Z"}, "uri": "el-viaje-films"}, {"_id": 618664, "name": "Instituto do Cinema, Audiovisual e Multim\u00e9dia", "update": {"$date": "2023-08-28T11:38:42.537Z"}, "uri": "instituto-do-cinema-audiovisual-e-multimedia"}, {"_id": 607330, "name": "Backup Media", "update": {"$date": "2023-08-28T11:38:42.595Z"}, "uri": "backup-media"}, {"_id": 1198106, "name": "Vision Distribution", "update": {"$date": "2023-08-28T11:38:42.654Z"}, "uri": "vision-distribution"}, {"_id": 623304, "name": "Everyman Pictures", "update": {"$date": "2023-08-28T11:38:42.712Z"}, "uri": "everyman-pictures"}, {"_id": 1281744, "name": "Imagine Documentaries", "update": {"$date": "2023-08-28T11:38:42.771Z"}, "uri": "imagine-documentaries"}, {"_id": 598245, "name": "Savoy Pictures", "update": {"$date": "2023-08-28T11:38:42.831Z"}, "uri": "savoy-pictures"}, {"_id": 623848, "name": "Les Films Marceau", "update": {"$date": "2023-08-28T11:38:42.900Z"}, "uri": "les-films-marceau"}, {"_id": 591674, "name": "Emperor Multimedia Group (EMG)", "update": {"$date": "2023-08-28T11:38:42.961Z"}, "uri": "emperor-multimedia-group-emg"}, {"_id": 595501, "name": "Integral Film", "update": {"$date": "2023-08-28T11:38:43.018Z"}, "uri": "integral-film"}, {"_id": 595224, "name": "Breton Film Productions", "update": {"$date": "2023-08-28T11:38:43.076Z"}, "uri": "breton-film-productions"}, {"_id": 619338, "name": "Envision Media Arts", "update": {"$date": "2023-08-28T11:38:43.134Z"}, "uri": "envision-media-arts"}, {"_id": 780178, "name": "The IdeaFirst Company", "update": {"$date": "2023-08-28T11:38:43.194Z"}, "uri": "the-ideafirst-company"}, {"_id": 616565, "name": "Heritage Films", "update": {"$date": "2023-08-28T11:38:43.250Z"}, "uri": "heritage-films-1"}, {"_id": 623374, "name": "StudioCanal", "update": {"$date": "2023-08-28T11:38:43.309Z"}, "uri": "studiocanal"}, {"_id": 610442, "name": "WFDiF", "update": {"$date": "2023-08-28T11:38:43.366Z"}, "uri": "wfdif"}, {"_id": 623931, "name": "TV5 Monde", "update": {"$date": "2023-08-28T11:38:43.421Z"}, "uri": "tv5-monde"}, {"_id": 586427, "name": "Almena Films", "update": {"$date": "2023-08-28T11:38:43.479Z"}, "uri": "almena-films"}, {"_id": 1850964, "name": "RAI Cinema", "update": {"$date": "2023-08-28T11:38:43.543Z"}, "uri": "rai-cinema-1"}, {"_id": 2424569, "name": "Les Films du Cru", "update": {"$date": "2023-08-28T11:38:43.609Z"}, "uri": "les-films-du-cru"}, {"_id": 616812, "name": "unafilm", "update": {"$date": "2023-08-28T11:38:43.667Z"}, "uri": "unafilm"}, {"_id": 606972, "name": "Ellepi Films", "update": {"$date": "2023-08-28T11:38:43.725Z"}, "uri": "ellepi-films"}, {"_id": 784442, "name": "Difilm", "update": {"$date": "2023-08-28T11:38:43.783Z"}, "uri": "difilm"}, {"_id": 620270, "name": "Road Movies", "update": {"$date": "2023-08-28T11:38:43.839Z"}, "uri": "road-movies-3"}, {"_id": 609107, "name": "Penta Film", "update": {"$date": "2023-08-28T11:38:43.895Z"}, "uri": "penta-film"}, {"_id": 589347, "name": "Les Armateurs", "update": {"$date": "2023-08-28T11:38:43.951Z"}, "uri": "les-armateurs-1"}, {"_id": 612411, "name": "Vision PDG", "update": {"$date": "2023-08-28T11:38:44.008Z"}, "uri": "vision-pdg-1"}, {"_id": 2424413, "name": "Rivdel Films", "update": {"$date": "2023-08-28T11:38:44.066Z"}, "uri": "rivdel-films"}, {"_id": 614522, "name": "Georges M\u00e9li\u00e8s", "update": {"$date": "2023-08-28T11:38:44.123Z"}, "uri": "georges-melies-2"}, {"_id": 601748, "name": "Brut Productions", "update": {"$date": "2023-08-28T11:38:44.180Z"}, "uri": "brut-productions"}, {"_id": 607255, "name": "Tigon British Film Productions", "update": {"$date": "2023-08-28T11:38:44.236Z"}, "uri": "tigon-british-film-productions"}, {"_id": 611565, "name": "Minnow Films", "update": {"$date": "2023-08-28T11:38:44.293Z"}, "uri": "minnow-films"}, {"_id": 602215, "name": "Eagle-Lion Films", "update": {"$date": "2023-08-28T11:38:44.350Z"}, "uri": "eagle-lion-films"}, {"_id": 606750, "name": "Victoires Productions", "update": {"$date": "2023-08-28T11:38:44.405Z"}, "uri": "victoires-productions"}, {"_id": 1277217, "name": "Irving Harvey", "update": {"$date": "2023-08-28T11:38:44.463Z"}, "uri": "irving-harvey"}, {"_id": 598572, "name": "Kalima Productions", "update": {"$date": "2023-08-28T11:38:44.526Z"}, "uri": "kalima-productions"}, {"_id": 620902, "name": "Warner Bros. Family Entertainment", "update": {"$date": "2023-08-28T11:38:44.580Z"}, "uri": "warner-bros-family-entertainment"}, {"_id": 889088, "name": "Ramona Films", "update": {"$date": "2023-08-28T11:38:44.657Z"}, "uri": "ramona-films"}, {"_id": 605341, "name": "Silver Screen Pictures", "update": {"$date": "2023-08-28T11:38:44.746Z"}, "uri": "silver-screen-pictures"}, {"_id": 603578, "name": "Yamamura Animation", "update": {"$date": "2023-08-28T11:38:44.820Z"}, "uri": "yamamura-animation"}, {"_id": 593243, "name": "Gray Film", "update": {"$date": "2023-08-28T11:38:44.887Z"}, "uri": "gray-film"}, {"_id": 586395, "name": "Wong Fu Productions", "update": {"$date": "2023-08-28T11:38:44.958Z"}, "uri": "wong-fu-productions"}, {"_id": 601035, "name": "Kinema Citrus", "update": {"$date": "2023-08-28T11:38:45.033Z"}, "uri": "kinema-citrus"}, {"_id": 600010, "name": "Sky Italia", "update": {"$date": "2023-08-28T11:38:45.107Z"}, "uri": "sky-italia"}, {"_id": 611745, "name": "Filmgate Films", "update": {"$date": "2023-08-28T11:38:45.190Z"}, "uri": "filmgate-films"}, {"_id": 595551, "name": "Mij Film Co.", "update": {"$date": "2023-08-28T11:38:45.266Z"}, "uri": "mij-film-co"}, {"_id": 623325, "name": "Star-Film", "update": {"$date": "2023-08-28T11:38:45.348Z"}, "uri": "star-film-1"}, {"_id": 614719, "name": "Tatfilm", "update": {"$date": "2023-08-28T11:38:45.431Z"}, "uri": "tatfilm"}, {"_id": 617944, "name": "Warner Bros. Japan", "update": {"$date": "2023-08-28T11:38:45.558Z"}, "uri": "warner-bros-japan"}, {"_id": 1168140, "name": "Lammas Park", "update": {"$date": "2023-08-28T11:38:45.617Z"}, "uri": "lammas-park"}, {"_id": 694273, "name": "Av\u015far Film", "update": {"$date": "2023-08-28T11:38:45.678Z"}, "uri": "avsar-film"}, {"_id": 931798, "name": "Films Grand Huit", "update": {"$date": "2023-08-28T11:38:45.743Z"}, "uri": "films-grand-huit"}, {"_id": 622181, "name": "Rembrandt Films", "update": {"$date": "2023-08-28T11:38:45.801Z"}, "uri": "rembrandt-films"}, {"_id": 618526, "name": "Instituto Portugu\u00eas da Arte Cinematogr\u00e1fica e Audiovisual", "update": {"$date": "2023-08-28T11:38:45.861Z"}, "uri": "instituto-portugues-da-arte-cinematografica-e-audiovisual"}, {"_id": 623796, "name": "Rapid Film", "update": {"$date": "2023-08-28T11:38:46.089Z"}, "uri": "rapid-film-1"}, {"_id": 614177, "name": "Aldamisa Entertainment", "update": {"$date": "2023-08-28T11:38:47.064Z"}, "uri": "aldamisa-entertainment"}, {"_id": 619072, "name": "Jane Startz Productions", "update": {"$date": "2023-08-28T11:38:47.138Z"}, "uri": "jane-startz-productions"}, {"_id": 1186568, "name": "New Republic Pictures", "update": {"$date": "2023-08-28T11:38:47.228Z"}, "uri": "new-republic-pictures"}, {"_id": 1914595, "name": "Grey Matter Productions", "update": {"$date": "2023-08-28T11:38:47.287Z"}, "uri": "grey-matter-productions"}, {"_id": 621970, "name": "Village Roadshow Pictures", "update": {"$date": "2023-08-28T11:38:47.348Z"}, "uri": "village-roadshow-pictures"}, {"_id": 1049007, "name": "Studio Fuga", "update": {"$date": "2023-08-28T11:38:47.422Z"}, "uri": "studio-fuga"}, {"_id": 623555, "name": "Walden Media", "update": {"$date": "2023-08-28T11:38:47.481Z"}, "uri": "walden-media"}, {"_id": 616260, "name": "C.G. Silver Film", "update": {"$date": "2023-08-28T11:38:47.537Z"}, "uri": "cg-silver-film"}, {"_id": 621175, "name": "Kasander Film Company", "update": {"$date": "2023-08-28T11:38:47.595Z"}, "uri": "kasander-film-company"}, {"_id": 944950, "name": "Zesp\u00f3\u0142 Filmowy \"Kamera\"", "update": {"$date": "2023-08-28T11:38:47.659Z"}, "uri": "zespol-filmowy-kamera-1"}, {"_id": 621166, "name": "Faso Film", "update": {"$date": "2023-08-28T11:38:47.715Z"}, "uri": "faso-film-1"}, {"_id": 604465, "name": "Tritone Cinematografica", "update": {"$date": "2023-08-28T11:38:47.773Z"}, "uri": "tritone-cinematografica"}, {"_id": 600089, "name": "FullDawa Films", "update": {"$date": "2023-08-28T11:38:47.830Z"}, "uri": "fulldawa-films"}, {"_id": 1352982, "name": "No Ficci\u00f3n", "update": {"$date": "2023-08-28T11:38:47.887Z"}, "uri": "no-ficcion"}, {"_id": 701674, "name": "Tempesta", "update": {"$date": "2023-08-28T11:38:47.945Z"}, "uri": "tempesta"}, {"_id": 623830, "name": "Kurosawa Production", "update": {"$date": "2023-08-28T11:38:48.007Z"}, "uri": "kurosawa-production"}, {"_id": 619670, "name": "Cosmopolitan Productions", "update": {"$date": "2023-08-28T11:38:48.063Z"}, "uri": "cosmopolitan-productions"}, {"_id": 595536, "name": "Harun Farocki Filmproduktion", "update": {"$date": "2023-08-28T11:38:48.118Z"}, "uri": "harun-farocki-filmproduktion"}, {"_id": 595670, "name": "Strela", "update": {"$date": "2023-08-28T11:38:48.176Z"}, "uri": "strela"}, {"_id": 609385, "name": "Gold Circle Films", "update": {"$date": "2023-08-28T11:38:48.232Z"}, "uri": "gold-circle-films"}, {"_id": 1212846, "name": "MVMT", "update": {"$date": "2023-08-28T11:38:48.289Z"}, "uri": "mvmt"}, {"_id": 620078, "name": "Digital Frontier", "update": {"$date": "2023-08-28T11:38:48.349Z"}, "uri": "digital-frontier"}, {"_id": 616967, "name": "C.R.I.M. Produ\u00e7\u00f5es", "update": {"$date": "2023-08-28T11:38:48.404Z"}, "uri": "crim-producoes"}, {"_id": 621441, "name": "Showgate", "update": {"$date": "2023-08-28T11:38:48.459Z"}, "uri": "showgate"}, {"_id": 2056040, "name": "Tango Entertainment", "update": {"$date": "2023-08-28T11:38:48.518Z"}, "uri": "tango-entertainment-1"}, {"_id": 620975, "name": "The Glasgow Film Fund", "update": {"$date": "2023-08-28T11:38:48.573Z"}, "uri": "the-glasgow-film-fund"}, {"_id": 692729, "name": "Cobra Film Department", "update": {"$date": "2023-08-28T11:38:48.630Z"}, "uri": "cobra-film-department"}, {"_id": 680687, "name": "Contents Panda", "update": {"$date": "2023-08-28T11:38:48.689Z"}, "uri": "contents-panda"}, {"_id": 610752, "name": "Enlight Pictures", "update": {"$date": "2023-08-28T11:38:48.745Z"}, "uri": "enlight-pictures"}, {"_id": 623440, "name": "Golden Films Internacional S.A.", "update": {"$date": "2023-08-28T11:38:48.799Z"}, "uri": "golden-films-internacional-sa"}, {"_id": 614316, "name": "Rome Paris Films", "update": {"$date": "2023-08-28T11:38:48.859Z"}, "uri": "rome-paris-films"}, {"_id": 603519, "name": "Turner Network Television", "update": {"$date": "2023-08-28T11:38:48.914Z"}, "uri": "turner-network-television"}, {"_id": 1678209, "name": "Nadao Bangkok", "update": {"$date": "2023-08-28T11:38:48.971Z"}, "uri": "nadao-bangkok"}, {"_id": 612241, "name": "Charles Fries Productions", "update": {"$date": "2023-08-28T11:38:49.028Z"}, "uri": "charles-fries-productions"}, {"_id": 588602, "name": "Shirogumi", "update": {"$date": "2023-08-28T11:38:49.081Z"}, "uri": "shirogumi"}, {"_id": 597437, "name": "Lama Films", "update": {"$date": "2023-08-28T11:38:49.140Z"}, "uri": "lama-films"}, {"_id": 611620, "name": "Laurel Films", "update": {"$date": "2023-08-28T11:38:49.218Z"}, "uri": "laurel-films"}, {"_id": 2424505, "name": "Be Funny When You Can", "update": {"$date": "2023-08-28T11:38:49.280Z"}, "uri": "be-funny-when-you-can"}, {"_id": 1558307, "name": "Ventureland", "update": {"$date": "2023-08-28T11:38:49.342Z"}, "uri": "ventureland"}, {"_id": 589527, "name": "Lolafilms", "update": {"$date": "2023-08-28T11:38:49.405Z"}, "uri": "lolafilms-2"}, {"_id": 617455, "name": "Tango Film", "update": {"$date": "2023-08-28T11:38:49.469Z"}, "uri": "tango-film"}, {"_id": 1186527, "name": "Grosvenor Park Media", "update": {"$date": "2023-08-28T11:38:49.528Z"}, "uri": "grosvenor-park-media"}, {"_id": 620524, "name": "Muse Entertainment", "update": {"$date": "2023-08-28T11:38:49.587Z"}, "uri": "muse-entertainment-1"}, {"_id": 604510, "name": "Horizon Pictures", "update": {"$date": "2023-08-28T11:38:49.642Z"}, "uri": "horizon-pictures"}, {"_id": 602769, "name": "Matanza Cine", "update": {"$date": "2023-08-28T11:38:49.704Z"}, "uri": "matanza-cine"}, {"_id": 616664, "name": "MPI Media Group", "update": {"$date": "2023-08-28T11:38:49.764Z"}, "uri": "mpi-media-group"}, {"_id": 616164, "name": "Les Productions du Tr\u00e9sor", "update": {"$date": "2023-08-28T11:38:49.876Z"}, "uri": "les-productions-du-tresor"}, {"_id": 676583, "name": "Copenhagen Film Fund", "update": {"$date": "2023-08-28T11:38:49.930Z"}, "uri": "copenhagen-film-fund"}, {"_id": 616067, "name": "Universal 1440 Entertainment", "update": {"$date": "2023-08-28T11:38:49.991Z"}, "uri": "universal-1440-entertainment"}, {"_id": 786020, "name": "Skydance", "update": {"$date": "2023-08-28T11:38:50.045Z"}, "uri": "skydance"}, {"_id": 619228, "name": "Seven Pictures", "update": {"$date": "2023-08-28T11:38:50.102Z"}, "uri": "seven-pictures"}, {"_id": 624213, "name": "Castelao Productions", "update": {"$date": "2023-08-28T11:38:50.162Z"}, "uri": "castelao-productions"}, {"_id": 617516, "name": "LStar Capital", "update": {"$date": "2023-08-28T11:38:50.218Z"}, "uri": "lstar-capital"}, {"_id": 621495, "name": "Centar film", "update": {"$date": "2023-08-28T11:38:50.286Z"}, "uri": "centar-film"}, {"_id": 886052, "name": "Public Square Films", "update": {"$date": "2023-08-28T11:38:50.344Z"}, "uri": "public-square-films"}, {"_id": 622853, "name": "Vega Baby", "update": {"$date": "2023-08-28T11:38:50.401Z"}, "uri": "vega-baby"}, {"_id": 1359644, "name": "MP Inka", "update": {"$date": "2023-08-28T11:38:50.457Z"}, "uri": "mp-inka"}, {"_id": 615627, "name": "Overture Films", "update": {"$date": "2023-08-28T11:38:50.515Z"}, "uri": "overture-films"}, {"_id": 631949, "name": "Houston King Productions", "update": {"$date": "2023-08-28T11:38:50.712Z"}, "uri": "houston-king-productions"}, {"_id": 732730, "name": "ESX Entertainment", "update": {"$date": "2023-08-28T11:38:50.768Z"}, "uri": "esx-entertainment"}, {"_id": 614455, "name": "StellaNova Film", "update": {"$date": "2023-08-28T11:38:50.824Z"}, "uri": "stellanova-film"}, {"_id": 622916, "name": "British Film Company", "update": {"$date": "2023-08-28T11:38:50.879Z"}, "uri": "british-film-company"}, {"_id": 621782, "name": "Ether Films", "update": {"$date": "2023-08-28T11:38:50.934Z"}, "uri": "ether-films"}, {"_id": 611734, "name": "Ventura Film", "update": {"$date": "2023-08-28T11:38:50.994Z"}, "uri": "ventura-film-1"}, {"_id": 1038906, "name": "RedPeter Film", "update": {"$date": "2023-08-28T11:38:51.049Z"}, "uri": "redpeter-film"}, {"_id": 613710, "name": "Ayngaran International", "update": {"$date": "2023-08-28T11:38:51.104Z"}, "uri": "ayngaran-international-1"}, {"_id": 987695, "name": "Tucker Tooley Entertainment", "update": {"$date": "2023-08-28T11:38:51.162Z"}, "uri": "tucker-tooley-entertainment"}, {"_id": 602662, "name": "Lone Star Corporation", "update": {"$date": "2023-08-28T11:38:51.219Z"}, "uri": "lone-star-corporation"}, {"_id": 617303, "name": "Sil-Metropole Organisation", "update": {"$date": "2023-08-28T11:38:51.285Z"}, "uri": "sil-metropole-organisation"}, {"_id": 614020, "name": "Magic Frames", "update": {"$date": "2023-08-28T11:38:51.344Z"}, "uri": "magic-frames"}, {"_id": 2434883, "name": "Barrio Grrrl!", "update": {"$date": "2023-08-28T11:38:51.402Z"}, "uri": "barrio-grrrl"}, {"_id": 606238, "name": "Fugitive Features", "update": {"$date": "2023-08-28T11:38:51.459Z"}, "uri": "fugitive-features"}, {"_id": 606431, "name": "RAW", "update": {"$date": "2023-08-28T11:38:51.518Z"}, "uri": "raw"}, {"_id": 614426, "name": "CBS Films", "update": {"$date": "2023-08-28T11:38:51.576Z"}, "uri": "cbs-films"}, {"_id": 2424770, "name": "TGIM Films", "update": {"$date": "2023-08-28T11:38:51.633Z"}, "uri": "tgim-films"}, {"_id": 2443437, "name": "BS Nippon Corporation", "update": {"$date": "2023-08-28T11:38:51.711Z"}, "uri": "bs-nippon-corporation-1"}, {"_id": 686244, "name": "Star Thrower Entertainment", "update": {"$date": "2023-08-28T11:38:51.776Z"}, "uri": "star-thrower-entertainment"}, {"_id": 630156, "name": "SSS Entertainment", "update": {"$date": "2023-08-28T11:38:51.839Z"}, "uri": "sss-entertainment"}, {"_id": 622564, "name": "Paramount Animation", "update": {"$date": "2023-08-28T11:38:51.913Z"}, "uri": "paramount-animation"}, {"_id": 822396, "name": "Metropolitan Films International", "update": {"$date": "2023-08-28T11:38:51.971Z"}, "uri": "metropolitan-films-international"}, {"_id": 600361, "name": "Tandem Communications", "update": {"$date": "2023-08-28T11:38:52.033Z"}, "uri": "tandem-communications"}, {"_id": 619880, "name": "View Askew Productions", "update": {"$date": "2023-08-28T11:38:52.096Z"}, "uri": "view-askew-productions"}, {"_id": 622493, "name": "TBS", "update": {"$date": "2023-08-28T11:38:52.151Z"}, "uri": "tbs-1"}, {"_id": 586333, "name": "Winkast Film Productions", "update": {"$date": "2023-08-28T11:38:52.218Z"}, "uri": "winkast-film-productions"}, {"_id": 623776, "name": "Viacom Productions", "update": {"$date": "2023-08-28T11:38:52.277Z"}, "uri": "viacom-productions"}, {"_id": 618654, "name": "Media Programme of the European Community", "update": {"$date": "2023-08-28T11:38:52.334Z"}, "uri": "media-programme-of-the-european-community"}, {"_id": 830465, "name": "Route One Entertainment", "update": {"$date": "2023-08-28T11:38:52.394Z"}, "uri": "route-one-entertainment"}, {"_id": 604486, "name": "Production Partners", "update": {"$date": "2023-08-28T11:38:52.479Z"}, "uri": "production-partners"}, {"_id": 622091, "name": "Miramax", "update": {"$date": "2023-08-28T11:38:52.538Z"}, "uri": "miramax-1"}, {"_id": 623391, "name": "Lakeshore Entertainment", "update": {"$date": "2023-08-28T11:38:52.598Z"}, "uri": "lakeshore-entertainment"}, {"_id": 603496, "name": "Eurimages", "update": {"$date": "2023-08-28T11:38:52.664Z"}, "uri": "eurimages"}, {"_id": 1041801, "name": "On the Day", "update": {"$date": "2023-08-28T11:38:52.727Z"}, "uri": "on-the-day"}, {"_id": 619241, "name": "Abandon Pictures", "update": {"$date": "2023-08-28T11:38:52.784Z"}, "uri": "abandon-pictures"}, {"_id": 1067164, "name": "MIFF Premiere Fund", "update": {"$date": "2023-08-28T11:38:52.841Z"}, "uri": "miff-premiere-fund"}, {"_id": 618226, "name": "Rapid Heart Pictures", "update": {"$date": "2023-08-28T11:38:52.898Z"}, "uri": "rapid-heart-pictures"}, {"_id": 621239, "name": "Toho Pictures", "update": {"$date": "2023-08-28T11:38:52.954Z"}, "uri": "toho-pictures"}, {"_id": 651546, "name": "Haarika &amp; Hassine Creations", "update": {"$date": "2023-08-28T11:38:53.014Z"}, "uri": "haarika-hassine-creations"}, {"_id": 622048, "name": "Atlantic Entertainment Group", "update": {"$date": "2023-08-28T11:38:53.076Z"}, "uri": "atlantic-entertainment-group"}, {"_id": 615575, "name": "Ian Bryce Productions", "update": {"$date": "2023-08-28T11:38:53.154Z"}, "uri": "ian-bryce-productions"}, {"_id": 616813, "name": "Channel 4 Television", "update": {"$date": "2023-08-28T11:38:53.221Z"}, "uri": "channel-4-television"}, {"_id": 607791, "name": "Perception Pictures", "update": {"$date": "2023-08-28T11:38:54.088Z"}, "uri": "perception-pictures"}, {"_id": 1022286, "name": "Tangram Cine", "update": {"$date": "2023-08-28T11:38:54.156Z"}, "uri": "tangram-cine"}, {"_id": 2423745, "name": "A Steven Haft Production", "update": {"$date": "2023-08-28T11:38:54.215Z"}, "uri": "a-steven-haft-production"}, {"_id": 616370, "name": "Stanley Kramer Productions", "update": {"$date": "2023-08-28T11:38:54.270Z"}, "uri": "stanley-kramer-productions"}, {"_id": 944060, "name": "Gunpowder &amp; Sky", "update": {"$date": "2023-08-28T11:38:54.333Z"}, "uri": "gunpowder-sky"}, {"_id": 591407, "name": "Varnachithra Bigscreen", "update": {"$date": "2023-08-28T11:38:54.390Z"}, "uri": "varnachithra-bigscreen-1"}, {"_id": 621310, "name": "Regal Entertainment Inc.", "update": {"$date": "2023-08-28T11:38:54.456Z"}, "uri": "regal-entertainment-inc"}, {"_id": 621663, "name": "Belgacom", "update": {"$date": "2023-08-28T11:38:54.520Z"}, "uri": "belgacom"}, {"_id": 619051, "name": "Spice Factory", "update": {"$date": "2023-08-28T11:38:54.607Z"}, "uri": "spice-factory"}, {"_id": 611470, "name": "Herrick Entertainment", "update": {"$date": "2023-08-28T11:38:54.669Z"}, "uri": "herrick-entertainment"}, {"_id": 616635, "name": "Deutsche Mutoskop und Biograph (DMB)", "update": {"$date": "2023-08-28T11:38:54.728Z"}, "uri": "deutsche-mutoskop-und-biograph-dmb"}, {"_id": 1798650, "name": "Logos Film", "update": {"$date": "2023-08-28T11:38:54.785Z"}, "uri": "logos-film"}, {"_id": 597315, "name": "See Pictures", "update": {"$date": "2023-08-28T11:38:54.843Z"}, "uri": "see-pictures"}, {"_id": 617875, "name": "Joseph M. Schenck Productions", "update": {"$date": "2023-08-28T11:38:54.900Z"}, "uri": "joseph-m-schenck-productions"}, {"_id": 597340, "name": "Nexus Factory", "update": {"$date": "2023-08-28T11:38:54.955Z"}, "uri": "nexus-factory"}, {"_id": 842697, "name": "Google Spotlight Stories", "update": {"$date": "2023-08-28T11:38:55.011Z"}, "uri": "google-spotlight-stories"}, {"_id": 601152, "name": "Brain Damage Films", "update": {"$date": "2023-08-28T11:38:55.068Z"}, "uri": "brain-damage-films"}, {"_id": 600706, "name": "Apple Corps", "update": {"$date": "2023-08-28T11:38:55.125Z"}, "uri": "apple-corps"}, {"_id": 597470, "name": "MTV Networks", "update": {"$date": "2023-08-28T11:38:55.184Z"}, "uri": "mtv-networks"}, {"_id": 2135479, "name": "IAC production", "update": {"$date": "2023-08-28T11:38:55.243Z"}, "uri": "iac-production"}, {"_id": 620398, "name": "The Vitaphone Corporation", "update": {"$date": "2023-08-28T11:38:55.298Z"}, "uri": "the-vitaphone-corporation"}, {"_id": 621386, "name": "OMDC", "update": {"$date": "2023-08-28T11:38:55.365Z"}, "uri": "omdc"}, {"_id": 1046985, "name": "Swapna Cinema", "update": {"$date": "2023-08-28T11:38:55.426Z"}, "uri": "swapna-cinema"}, {"_id": 623341, "name": "Way Creative Films", "update": {"$date": "2023-08-28T11:38:55.643Z"}, "uri": "way-creative-films"}, {"_id": 612950, "name": "Werbefilm GmbH Julius Pinschewer", "update": {"$date": "2023-08-28T11:38:55.700Z"}, "uri": "werbefilm-gmbh-julius-pinschewer"}, {"_id": 620424, "name": "ABC Pictures", "update": {"$date": "2023-08-28T11:38:55.759Z"}, "uri": "abc-pictures"}, {"_id": 618599, "name": "Mandarin Film", "update": {"$date": "2023-08-28T11:38:55.822Z"}, "uri": "mandarin-film-1"}, {"_id": 618726, "name": "Wildside", "update": {"$date": "2023-08-28T11:38:55.882Z"}, "uri": "wildside"}, {"_id": 1750823, "name": "Authentic Film", "update": {"$date": "2023-08-28T11:38:55.956Z"}, "uri": "authentic-film"}, {"_id": 618279, "name": "Vanguard Films", "update": {"$date": "2023-08-28T11:38:56.025Z"}, "uri": "vanguard-films"}, {"_id": 618326, "name": "Tollin/Robbins Productions", "update": {"$date": "2023-08-28T11:38:56.090Z"}, "uri": "tollin-robbins-productions"}, {"_id": 602434, "name": "Haunted Movies", "update": {"$date": "2023-08-28T11:38:56.162Z"}, "uri": "haunted-movies"}, {"_id": 586643, "name": "Ipotesi Cinema", "update": {"$date": "2023-08-28T11:38:56.233Z"}, "uri": "ipotesi-cinema"}, {"_id": 762235, "name": "BeTV", "update": {"$date": "2023-08-28T11:38:56.304Z"}, "uri": "betv"}, {"_id": 606823, "name": "Sixteen Films", "update": {"$date": "2023-08-28T11:38:56.379Z"}, "uri": "sixteen-films"}, {"_id": 618218, "name": "TV4", "update": {"$date": "2023-08-28T11:38:56.454Z"}, "uri": "tv4-1"}, {"_id": 782018, "name": "Rewind Film", "update": {"$date": "2023-08-28T11:38:56.533Z"}, "uri": "rewind-film"}, {"_id": 602080, "name": "Sofinergie 1", "update": {"$date": "2023-08-28T11:38:56.615Z"}, "uri": "sofinergie-1"}, {"_id": 618492, "name": "Sindicato de Trabajadores de la Producci\u00f3n Cinematogr\u00e1fica (STPC)", "update": {"$date": "2023-08-28T11:38:56.690Z"}, "uri": "sindicato-de-trabajadores-de-la-produccion-cinematografica-stpc"}, {"_id": 597143, "name": "Ozumi Films", "update": {"$date": "2023-08-28T11:38:56.748Z"}, "uri": "ozumi-films"}, {"_id": 1250344, "name": "Grant Naylor Productions", "update": {"$date": "2023-08-28T11:38:56.807Z"}, "uri": "grant-naylor-productions"}, {"_id": 613201, "name": "New Regency Productions", "update": {"$date": "2023-08-28T11:38:56.866Z"}, "uri": "new-regency-productions"}, {"_id": 1116864, "name": "Thruline Entertainment", "update": {"$date": "2023-08-28T11:38:56.924Z"}, "uri": "thruline-entertainment"}, {"_id": 618049, "name": "Automat Pictures", "update": {"$date": "2023-08-28T11:38:56.982Z"}, "uri": "automat-pictures"}, {"_id": 618576, "name": "Romulus Films", "update": {"$date": "2023-08-28T11:38:57.039Z"}, "uri": "romulus-films"}, {"_id": 610835, "name": "Specta Films", "update": {"$date": "2023-08-28T11:38:57.099Z"}, "uri": "specta-films"}, {"_id": 2202031, "name": "Kevin Feige Productions", "update": {"$date": "2023-08-28T11:38:57.160Z"}, "uri": "kevin-feige-productions"}, {"_id": 613251, "name": "CatchPlay", "update": {"$date": "2023-08-28T11:38:57.231Z"}, "uri": "catchplay"}, {"_id": 596910, "name": "Tyler Perry Studios", "update": {"$date": "2023-08-28T11:38:57.287Z"}, "uri": "tyler-perry-studios-1"}, {"_id": 599341, "name": "Wavelength", "update": {"$date": "2023-08-28T11:38:57.353Z"}, "uri": "wavelength"}, {"_id": 620588, "name": "Appian Way", "update": {"$date": "2023-08-28T11:38:57.418Z"}, "uri": "appian-way"}, {"_id": 623696, "name": "Code Entertainment", "update": {"$date": "2023-08-28T11:38:57.478Z"}, "uri": "code-entertainment"}, {"_id": 608429, "name": "Cinema Epoch", "update": {"$date": "2023-08-28T11:38:57.539Z"}, "uri": "cinema-epoch"}, {"_id": 759362, "name": "Televisi\u00f3n Abierta", "update": {"$date": "2023-08-28T11:38:57.598Z"}, "uri": "television-abierta"}, {"_id": 613612, "name": "Smoking Gun Productions", "update": {"$date": "2023-08-28T11:38:57.654Z"}, "uri": "smoking-gun-productions"}, {"_id": 606588, "name": "ContentFilm", "update": {"$date": "2023-08-28T11:38:57.712Z"}, "uri": "contentfilm"}, {"_id": 618033, "name": "USA Films", "update": {"$date": "2023-08-28T11:38:57.780Z"}, "uri": "usa-films"}, {"_id": 588156, "name": "B\u00e9same Mucho Pictures", "update": {"$date": "2023-08-28T11:38:57.837Z"}, "uri": "besame-mucho-pictures"}, {"_id": 596403, "name": "Akson Studio", "update": {"$date": "2023-08-28T11:38:57.896Z"}, "uri": "akson-studio"}, {"_id": 603847, "name": "NEF Diffusion", "update": {"$date": "2023-08-28T11:38:57.956Z"}, "uri": "nef-diffusion"}, {"_id": 607979, "name": "Filmways Pictures", "update": {"$date": "2023-08-28T11:38:58.011Z"}, "uri": "filmways-pictures"}, {"_id": 616567, "name": "Hokkaido Broadcasting Co.", "update": {"$date": "2023-08-28T11:38:58.069Z"}, "uri": "hokkaido-broadcasting-co-1"}, {"_id": 619964, "name": "3311 Productions", "update": {"$date": "2023-08-28T11:38:58.126Z"}, "uri": "3311-productions"}, {"_id": 2743149, "name": "Flarsky Productions", "update": {"$date": "2023-08-28T11:38:58.180Z"}, "uri": "flarsky-productions"}, {"_id": 621752, "name": "Victor Entertainment", "update": {"$date": "2023-08-28T11:38:58.238Z"}, "uri": "victor-entertainment"}, {"_id": 596958, "name": "Farah Films &amp; Management", "update": {"$date": "2023-08-28T11:38:58.293Z"}, "uri": "farah-films-management"}, {"_id": 608732, "name": "Mutressa Movies", "update": {"$date": "2023-08-28T11:38:58.347Z"}, "uri": "mutressa-movies"}, {"_id": 611200, "name": "Studio Filmowe Zebra", "update": {"$date": "2023-08-28T11:38:58.406Z"}, "uri": "studio-filmowe-zebra"}, {"_id": 848541, "name": "Universidad Nacional Aut\u00f3noma de M\u00e9xico", "update": {"$date": "2023-08-28T11:38:58.461Z"}, "uri": "universidad-nacional-autonoma-de-mexico"}, {"_id": 608196, "name": "D2R Films", "update": {"$date": "2023-08-28T11:38:58.518Z"}, "uri": "d2r-films"}, {"_id": 622108, "name": "Camelot Pictures", "update": {"$date": "2023-08-28T11:38:58.579Z"}, "uri": "camelot-pictures"}, {"_id": 619977, "name": "Nu Image", "update": {"$date": "2023-08-28T11:38:58.646Z"}, "uri": "nu-image-1"}, {"_id": 610156, "name": "Columbia Records", "update": {"$date": "2023-08-28T11:38:58.704Z"}, "uri": "columbia-records"}, {"_id": 619003, "name": "Flame Ventures", "update": {"$date": "2023-08-28T11:38:58.764Z"}, "uri": "flame-ventures"}, {"_id": 620589, "name": "Forward Pass", "update": {"$date": "2023-08-28T11:38:58.839Z"}, "uri": "forward-pass"}, {"_id": 622243, "name": "Parts and Labor", "update": {"$date": "2023-08-28T11:38:58.901Z"}, "uri": "parts-and-labor"}, {"_id": 622215, "name": "Path\u00e9 Distribution", "update": {"$date": "2023-08-28T11:38:58.961Z"}, "uri": "pathe-distribution"}, {"_id": 603238, "name": "Subotica Entertainment", "update": {"$date": "2023-08-28T11:38:59.019Z"}, "uri": "subotica-entertainment"}, {"_id": 609236, "name": "Fonds Sud Cin\u00e9ma", "update": {"$date": "2023-08-28T11:38:59.075Z"}, "uri": "fonds-sud-cinema"}, {"_id": 604955, "name": "Black Fawn Films", "update": {"$date": "2023-08-28T11:38:59.135Z"}, "uri": "black-fawn-films"}, {"_id": 620872, "name": "Belvision", "update": {"$date": "2023-08-28T11:38:59.196Z"}, "uri": "belvision"}, {"_id": 603764, "name": "CAB Productions", "update": {"$date": "2023-08-28T11:38:59.255Z"}, "uri": "cab-productions"}, {"_id": 598154, "name": "uMedia", "update": {"$date": "2023-08-28T11:38:59.315Z"}, "uri": "umedia"}, {"_id": 855536, "name": "Divide / Conquer", "update": {"$date": "2023-08-28T11:38:59.372Z"}, "uri": "divide-conquer"}, {"_id": 609054, "name": "PARCO", "update": {"$date": "2023-08-28T11:38:59.434Z"}, "uri": "parco"}, {"_id": 597106, "name": "Les Films de L'Autre", "update": {"$date": "2023-08-28T11:38:59.502Z"}, "uri": "les-films-de-lautre"}, {"_id": 610861, "name": "Triangle Staff", "update": {"$date": "2023-08-28T11:38:59.560Z"}, "uri": "triangle-staff"}, {"_id": 605343, "name": "Ajiado", "update": {"$date": "2023-08-28T11:38:59.636Z"}, "uri": "ajiado"}, {"_id": 613438, "name": "Zillion Film", "update": {"$date": "2023-08-28T11:38:59.694Z"}, "uri": "zillion-film"}, {"_id": 609185, "name": "Universal Pictures France", "update": {"$date": "2023-08-28T11:38:59.762Z"}, "uri": "universal-pictures-france"}, {"_id": 1076567, "name": "Sony Pictures Networks Productions", "update": {"$date": "2023-08-28T11:38:59.819Z"}, "uri": "sony-pictures-networks-productions"}, {"_id": 589301, "name": "Mediastream Vierte Film GmbH &amp; Co. Vermarktungs KG", "update": {"$date": "2023-08-28T11:38:59.882Z"}, "uri": "mediastream-vierte-film-gmbh-co-vermarktungs-kg"}, {"_id": 624277, "name": "Alpine Medien Productions", "update": {"$date": "2023-08-28T11:38:59.942Z"}, "uri": "alpine-medien-productions"}, {"_id": 622957, "name": "Rommel Film", "update": {"$date": "2023-08-28T11:39:00.003Z"}, "uri": "rommel-film"}, {"_id": 600003, "name": "11 Marzo Film", "update": {"$date": "2023-08-28T11:39:00.062Z"}, "uri": "11-marzo-film"}, {"_id": 1664079, "name": "Sandbox Films", "update": {"$date": "2023-08-28T11:39:00.118Z"}, "uri": "sandbox-films-1"}, {"_id": 598610, "name": "Magnus Filmes", "update": {"$date": "2023-08-28T11:39:00.180Z"}, "uri": "magnus-filmes"}, {"_id": 620399, "name": "U\u011fur Film", "update": {"$date": "2023-08-28T11:39:00.239Z"}, "uri": "ugur-film"}, {"_id": 773182, "name": "Russian Film Group", "update": {"$date": "2023-08-28T11:39:00.299Z"}, "uri": "russian-film-group"}, {"_id": 1024203, "name": "Hidden Empire Film Group", "update": {"$date": "2023-08-28T11:39:00.356Z"}, "uri": "hidden-empire-film-group"}, {"_id": 1712626, "name": "The Detective Agency", "update": {"$date": "2023-08-28T11:39:01.477Z"}, "uri": "the-detective-agency"}, {"_id": 2124346, "name": "DramaHouse", "update": {"$date": "2023-08-28T11:39:01.544Z"}, "uri": "dramahouse"}, {"_id": 871490, "name": "OML Entertainment", "update": {"$date": "2023-08-28T11:39:01.598Z"}, "uri": "oml-entertainment"}]